ISO-10303-21;
HEADER;
FILE_DESCRIPTION((''),'2;1');
FILE_NAME('4812_ASM_2_ASM','2016-03-18T',('BryanKuo'),(''),
'PRO/ENGINEER BY PARAMETRIC TECHNOLOGY CORPORATION, 2006200',
'PRO/ENGINEER BY PARAMETRIC TECHNOLOGY CORPORATION, 2006200','');
FILE_SCHEMA(('CONFIG_CONTROL_DESIGN'));
ENDSEC;
DATA;
#1=CARTESIAN_POINT('',(5.000000000001E-1,2.25E0,0.E0));
#2=DIRECTION('',(0.E0,0.E0,-1.E0));
#3=DIRECTION('',(-1.E0,-2.153230680177E-9,0.E0));
#4=AXIS2_PLACEMENT_3D('',#1,#2,#3);
#6=CARTESIAN_POINT('',(5.000000000001E-1,2.25E0,0.E0));
#7=DIRECTION('',(0.E0,0.E0,-1.E0));
#8=DIRECTION('',(1.E0,2.161216391035E-9,0.E0));
#9=AXIS2_PLACEMENT_3D('',#6,#7,#8);
#11=CARTESIAN_POINT('',(-4.999999999999E-1,-2.25E0,0.E0));
#12=DIRECTION('',(0.E0,0.E0,-1.E0));
#13=DIRECTION('',(-1.E0,-1.139492540729E-9,0.E0));
#14=AXIS2_PLACEMENT_3D('',#11,#12,#13);
#16=CARTESIAN_POINT('',(-4.999999999999E-1,-2.25E0,0.E0));
#17=DIRECTION('',(0.E0,0.E0,-1.E0));
#18=DIRECTION('',(1.E0,1.143797783760E-9,0.E0));
#19=AXIS2_PLACEMENT_3D('',#16,#17,#18);
#21=DIRECTION('',(1.E0,0.E0,0.E0));
#22=VECTOR('',#21,9.73E0);
#23=CARTESIAN_POINT('',(-4.865E0,6.5E0,0.E0));
#24=LINE('',#23,#22);
#25=DIRECTION('',(0.E0,0.E0,-1.E0));
#26=VECTOR('',#25,3.15E0);
#27=CARTESIAN_POINT('',(-4.865E0,6.5E0,3.15E0));
#28=LINE('',#27,#26);
#29=DIRECTION('',(0.E0,-1.E0,0.E0));
#30=VECTOR('',#29,1.3E1);
#31=CARTESIAN_POINT('',(4.865E0,6.5E0,0.E0));
#32=LINE('',#31,#30);
#33=DIRECTION('',(0.E0,0.E0,-1.E0));
#34=VECTOR('',#33,3.15E0);
#35=CARTESIAN_POINT('',(4.865E0,6.5E0,3.15E0));
#36=LINE('',#35,#34);
#37=DIRECTION('',(-1.E0,0.E0,0.E0));
#38=VECTOR('',#37,9.73E0);
#39=CARTESIAN_POINT('',(4.865E0,-6.5E0,0.E0));
#40=LINE('',#39,#38);
#41=DIRECTION('',(0.E0,0.E0,-1.E0));
#42=VECTOR('',#41,3.15E0);
#43=CARTESIAN_POINT('',(4.865E0,-6.5E0,3.15E0));
#44=LINE('',#43,#42);
#45=DIRECTION('',(0.E0,1.E0,0.E0));
#46=VECTOR('',#45,1.3E1);
#47=CARTESIAN_POINT('',(-4.865E0,-6.5E0,0.E0));
#48=LINE('',#47,#46);
#49=DIRECTION('',(0.E0,0.E0,-1.E0));
#50=VECTOR('',#49,3.15E0);
#51=CARTESIAN_POINT('',(-4.865E0,-6.5E0,3.15E0));
#52=LINE('',#51,#50);
#53=DIRECTION('',(1.E0,0.E0,0.E0));
#54=VECTOR('',#53,9.73E0);
#55=CARTESIAN_POINT('',(-4.865E0,6.5E0,3.15E0));
#56=LINE('',#55,#54);
#57=DIRECTION('',(0.E0,-1.E0,0.E0));
#58=VECTOR('',#57,1.3E1);
#59=CARTESIAN_POINT('',(4.865E0,6.5E0,3.15E0));
#60=LINE('',#59,#58);
#61=DIRECTION('',(-1.E0,0.E0,0.E0));
#62=VECTOR('',#61,9.73E0);
#63=CARTESIAN_POINT('',(4.865E0,-6.5E0,3.15E0));
#64=LINE('',#63,#62);
#65=DIRECTION('',(0.E0,1.E0,0.E0));
#66=VECTOR('',#65,1.3E1);
#67=CARTESIAN_POINT('',(-4.865E0,-6.5E0,3.15E0));
#68=LINE('',#67,#66);
#69=CARTESIAN_POINT('',(-3.6E0,4.4E0,3.15E0));
#70=DIRECTION('',(0.E0,0.E0,1.E0));
#71=DIRECTION('',(-1.E0,0.E0,0.E0));
#72=AXIS2_PLACEMENT_3D('',#69,#70,#71);
#74=CARTESIAN_POINT('',(-3.6E0,4.4E0,3.15E0));
#75=DIRECTION('',(0.E0,0.E0,1.E0));
#76=DIRECTION('',(1.E0,0.E0,0.E0));
#77=AXIS2_PLACEMENT_3D('',#74,#75,#76);
#79=DIRECTION('',(-7.660444431192E-1,-6.427876096863E-1,0.E0));
#80=VECTOR('',#79,6.046712572273E-1);
#81=CARTESIAN_POINT('',(-1.281034233069E0,5.E0,3.15E0));
#82=LINE('',#81,#80);
#83=DIRECTION('',(6.427873910843E-1,-7.660446265480E-1,0.E0));
#84=VECTOR('',#83,1.059108841769E0);
#85=CARTESIAN_POINT('',(-1.744239289582E0,4.611324807921E0,3.15E0));
#86=LINE('',#85,#84);
#87=DIRECTION('',(7.660444431190E-1,6.427876096865E-1,0.E0));
#88=VECTOR('',#87,1.262197246457E0);
#89=CARTESIAN_POINT('',(2.365994583078E0,3.800000056918E0,3.15E0));
#90=LINE('',#89,#88);
#91=DIRECTION('',(-6.427876096869E-1,7.660444431187E-1,0.E0));
#92=VECTOR('',#91,5.073794289226E-1);
#93=CARTESIAN_POINT('',(3.332893769847E0,4.611324807921E0,3.15E0));
#94=LINE('',#93,#92);
#95=DIRECTION('',(-6.427876096863E-1,7.660444431191E-1,0.E0));
#96=VECTOR('',#95,5.073794289222E-1);
#97=CARTESIAN_POINT('',(3.851867263074E0,3.992836282906E0,3.15E0));
#98=LINE('',#97,#96);
#99=DIRECTION('',(-7.660444431190E-1,-6.427876096865E-1,0.E0));
#100=VECTOR('',#99,1.262197335006E0);
#101=CARTESIAN_POINT('',(3.525730052753E0,4.381511474985E0,3.15E0));
#102=LINE('',#101,#100);
#103=DIRECTION('',(-1.736481776669E-1,-9.848077530122E-1,0.E0));
#104=VECTOR('',#103,2.820195490605E0);
#105=CARTESIAN_POINT('',(2.558830798152E0,3.570186667064E0,3.15E0));
#106=LINE('',#105,#104);
#107=DIRECTION('',(6.427876096863E-1,-7.660444431192E-1,0.E0));
#108=VECTOR('',#107,7.591093182758E-1);
#109=CARTESIAN_POINT('',(2.069108990544E0,7.928362829060E-1,3.15E0));
#110=LINE('',#109,#108);
#111=DIRECTION('',(7.660444431190E-1,6.427876096865E-1,0.E0));
#112=VECTOR('',#111,9.621973350055E-1);
#113=CARTESIAN_POINT('',(2.557055054729E0,2.113248079208E-1,3.15E0));
#114=LINE('',#113,#112);
#115=DIRECTION('',(1.736481776669E-1,9.848077530122E-1,0.E0));
#116=VECTOR('',#115,3.211817677405E0);
#117=CARTESIAN_POINT('',(3.294140976394E0,8.298133329357E-1,3.15E0));
#118=LINE('',#117,#116);
#119=DIRECTION('',(-6.427876096866E-1,7.660444431190E-1,0.E0));
#120=VECTOR('',#119,7.591093182758E-1);
#121=CARTESIAN_POINT('',(3.008024068885E0,-7.928362829061E-1,3.15E0));
#122=LINE('',#121,#120);
#123=DIRECTION('',(-7.660444431190E-1,-6.427876096865E-1,0.E0));
#124=VECTOR('',#123,9.621973350056E-1);
#125=CARTESIAN_POINT('',(2.520078004700E0,-2.113248079211E-1,3.15E0));
#126=LINE('',#125,#124);
#127=DIRECTION('',(-1.736480869189E-1,-9.848077690135E-1,0.E0));
#128=VECTOR('',#127,2.820196159008E0);
#129=CARTESIAN_POINT('',(1.782992083035E0,-8.298133329360E-1,3.15E0));
#130=LINE('',#129,#128);
#131=DIRECTION('',(6.427878592089E-1,-7.660442337448E-1,0.E0));
#132=VECTOR('',#131,1.059108689559E0);
#133=CARTESIAN_POINT('',(1.293270415287E0,-3.607164420469E0,3.15E0));
#134=LINE('',#133,#132);
#135=DIRECTION('',(7.660444431191E-1,6.427876096864E-1,0.E0));
#136=VECTOR('',#135,6.046712572274E-1);
#137=CARTESIAN_POINT('',(1.974052622518E0,-4.418488525015E0,3.15E0));
#138=LINE('',#137,#136);
#139=DIRECTION('',(1.736481776669E-1,9.848077530122E-1,0.E0));
#140=VECTOR('',#139,3.286912638663E0);
#141=CARTESIAN_POINT('',(2.437257679031E0,-4.029813332936E0,3.15E0));
#142=LINE('',#141,#140);
#143=DIRECTION('',(-7.660444431189E-1,-6.427876096866E-1,0.E0));
#144=VECTOR('',#143,9.621973350047E-1);
#145=CARTESIAN_POINT('',(-1.590155800129E0,5.999999999999E-1,3.15E0));
#146=LINE('',#145,#144);
#147=DIRECTION('',(6.427876096864E-1,-7.660444431191E-1,0.E0));
#148=VECTOR('',#147,7.591093182762E-1);
#149=CARTESIAN_POINT('',(-2.327241721793E0,-1.848852501461E-2,3.15E0));
#150=LINE('',#149,#148);
#151=DIRECTION('',(7.660444431190E-1,6.427876096865E-1,0.E0));
#152=VECTOR('',#151,9.621973350057E-1);
#153=CARTESIAN_POINT('',(1.590155800129E0,-6.000000000001E-1,3.15E0));
#154=LINE('',#153,#152);
#155=DIRECTION('',(-6.427876096867E-1,7.660444431188E-1,0.E0));
#156=VECTOR('',#155,7.591093182760E-1);
#157=CARTESIAN_POINT('',(2.327241721794E0,1.848852501493E-2,3.15E0));
#158=LINE('',#157,#156);
#159=DIRECTION('',(-7.660444431189E-1,-6.427876096866E-1,0.E0));
#160=VECTOR('',#159,1.262197159467E0);
#161=CARTESIAN_POINT('',(-2.365994649716E0,-3.800000112834E0,3.15E0));
#162=LINE('',#161,#160);
#163=DIRECTION('',(6.427876096865E-1,-7.660444431190E-1,0.E0));
#164=VECTOR('',#163,5.073794289228E-1);
#165=CARTESIAN_POINT('',(-3.332893769846E0,-4.611324807921E0,3.15E0));
#166=LINE('',#165,#164);
#167=DIRECTION('',(7.660444431189E-1,6.427876096866E-1,0.E0));
#168=VECTOR('',#167,6.046712572266E-1);
#169=CARTESIAN_POINT('',(1.281034233070E0,-5.E0,3.15E0));
#170=LINE('',#169,#168);
#171=DIRECTION('',(-6.427872879797E-1,7.660447130630E-1,0.E0));
#172=VECTOR('',#171,1.059108546353E0);
#173=CARTESIAN_POINT('',(1.744239289582E0,-4.611324807921E0,3.15E0));
#174=LINE('',#173,#172);
#175=DIRECTION('',(-1.736481776669E-1,-9.848077530122E-1,0.E0));
#176=VECTOR('',#175,3.211817677405E0);
#177=CARTESIAN_POINT('',(-3.294140976394E0,-8.298133329358E-1,3.15E0));
#178=LINE('',#177,#176);
#179=DIRECTION('',(6.427876096870E-1,-7.660444431186E-1,0.E0));
#180=VECTOR('',#179,5.073794289227E-1);
#181=CARTESIAN_POINT('',(-3.851867263074E0,-3.992836282906E0,3.15E0));
#182=LINE('',#181,#180);
#183=DIRECTION('',(7.660444431189E-1,6.427876096866E-1,0.E0));
#184=VECTOR('',#183,1.262197335005E0);
#185=CARTESIAN_POINT('',(-3.525730052752E0,-4.381511474985E0,3.15E0));
#186=LINE('',#185,#184);
#187=DIRECTION('',(1.736481776668E-1,9.848077530122E-1,0.E0));
#188=VECTOR('',#187,2.820195490606E0);
#189=CARTESIAN_POINT('',(-2.558830798152E0,-3.570186667064E0,3.15E0));
#190=LINE('',#189,#188);
#191=DIRECTION('',(-6.427876096865E-1,7.660444431190E-1,0.E0));
#192=VECTOR('',#191,7.591093182755E-1);
#193=CARTESIAN_POINT('',(-2.069108990544E0,-7.928362829058E-1,3.15E0));
#194=LINE('',#193,#192);
#195=DIRECTION('',(-7.660444431190E-1,-6.427876096865E-1,0.E0));
#196=VECTOR('',#195,9.621973350054E-1);
#197=CARTESIAN_POINT('',(-2.557055054729E0,-2.113248079210E-1,3.15E0));
#198=LINE('',#197,#196);
#199=DIRECTION('',(-1.736481776669E-1,-9.848077530122E-1,0.E0));
#200=VECTOR('',#199,3.286912638665E0);
#201=CARTESIAN_POINT('',(-2.437257679030E0,4.029813332936E0,3.15E0));
#202=LINE('',#201,#200);
#203=DIRECTION('',(6.427876096865E-1,-7.660444431190E-1,0.E0));
#204=VECTOR('',#203,7.591093182758E-1);
#205=CARTESIAN_POINT('',(-3.008024068885E0,7.928362829055E-1,3.15E0));
#206=LINE('',#205,#204);
#207=DIRECTION('',(7.660444431189E-1,6.427876096867E-1,0.E0));
#208=VECTOR('',#207,9.621973350050E-1);
#209=CARTESIAN_POINT('',(-2.520078004699E0,2.113248079205E-1,3.15E0));
#210=LINE('',#209,#208);
#211=DIRECTION('',(1.736480869190E-1,9.848077690135E-1,0.E0));
#212=VECTOR('',#211,2.820196159009E0);
#213=CARTESIAN_POINT('',(-1.782992083035E0,8.298133329352E-1,3.15E0));
#214=LINE('',#213,#212);
#215=DIRECTION('',(-6.427878592086E-1,7.660442337450E-1,0.E0));
#216=VECTOR('',#215,1.059108689559E0);
#217=CARTESIAN_POINT('',(-1.293270415287E0,3.607164420469E0,3.15E0));
#218=LINE('',#217,#216);
#219=DIRECTION('',(-7.660444431189E-1,-6.427876096866E-1,0.E0));
#220=VECTOR('',#219,6.046712572268E-1);
#221=CARTESIAN_POINT('',(-1.974052622518E0,4.418488525015E0,3.15E0));
#222=LINE('',#221,#220);
#223=DIRECTION('',(0.E0,0.E0,-1.E0));
#224=VECTOR('',#223,2.E-1);
#225=CARTESIAN_POINT('',(-4.2E0,4.4E0,3.15E0));
#226=LINE('',#225,#224);
#227=CARTESIAN_POINT('',(-3.6E0,4.4E0,2.95E0));
#228=DIRECTION('',(0.E0,0.E0,-1.E0));
#229=DIRECTION('',(1.E0,0.E0,0.E0));
#230=AXIS2_PLACEMENT_3D('',#227,#228,#229);
#232=CARTESIAN_POINT('',(-3.6E0,4.4E0,2.95E0));
#233=DIRECTION('',(0.E0,0.E0,-1.E0));
#234=DIRECTION('',(-1.E0,0.E0,0.E0));
#235=AXIS2_PLACEMENT_3D('',#232,#233,#234);
#237=DIRECTION('',(0.E0,0.E0,-1.E0));
#238=VECTOR('',#237,2.E-1);
#239=CARTESIAN_POINT('',(-3.E0,4.4E0,3.15E0));
#240=LINE('',#239,#238);
#241=DIRECTION('',(-1.776356839400E-14,-1.776356839400E-14,1.E0));
#242=VECTOR('',#241,2.E-1);
#243=CARTESIAN_POINT('',(-1.281034233069E0,5.E0,2.95E0));
#244=LINE('',#243,#242);
#245=DIRECTION('',(1.E0,1.926413788069E-14,0.E0));
#246=VECTOR('',#245,4.287790792594E0);
#247=CARTESIAN_POINT('',(-1.281034233069E0,5.E0,3.15E0));
#248=LINE('',#247,#246);
#249=DIRECTION('',(1.E0,1.905699661316E-14,0.E0));
#250=VECTOR('',#249,4.287790792595E0);
#251=CARTESIAN_POINT('',(-1.281034233069E0,5.E0,2.95E0));
#252=LINE('',#251,#250);
#253=DIRECTION('',(6.427876096867E-1,-7.660444431188E-1,0.E0));
#254=VECTOR('',#253,5.073794289225E-1);
#255=CARTESIAN_POINT('',(3.006756559526E0,5.E0,2.95E0));
#256=LINE('',#255,#254);
#257=DIRECTION('',(-7.660444431190E-1,-6.427876096866E-1,0.E0));
#258=VECTOR('',#257,1.262197335006E0);
#259=CARTESIAN_POINT('',(3.332893769847E0,4.611324807921E0,2.95E0));
#260=LINE('',#259,#258);
#261=DIRECTION('',(-1.E0,3.319364992672E-8,0.E0));
#262=VECTOR('',#261,3.429451716609E0);
#263=CARTESIAN_POINT('',(2.365994515246E0,3.8E0,2.95E0));
#264=LINE('',#263,#262);
#265=DIRECTION('',(-6.427875191774E-1,7.660445190651E-1,0.E0));
#266=VECTOR('',#265,1.059109064673E0);
#267=CARTESIAN_POINT('',(-1.063457201362E0,3.800000113836E0,2.95E0));
#268=LINE('',#267,#266);
#269=DIRECTION('',(7.660444431191E-1,6.427876096864E-1,0.E0));
#270=VECTOR('',#269,6.046712572273E-1);
#271=CARTESIAN_POINT('',(-1.744239289582E0,4.611324807921E0,2.95E0));
#272=LINE('',#271,#270);
#273=DIRECTION('',(-5.373479439186E-13,-1.332267629550E-14,1.E0));
#274=VECTOR('',#273,2.E-1);
#275=CARTESIAN_POINT('',(3.006756559526E0,5.E0,2.95E0));
#276=LINE('',#275,#274);
#277=DIRECTION('',(1.887379141863E-13,-2.309263891220E-13,1.E0));
#278=VECTOR('',#277,2.E-1);
#279=CARTESIAN_POINT('',(3.332893769847E0,4.611324807921E0,2.95E0));
#280=LINE('',#279,#278);
#281=DIRECTION('',(3.391609326719E-7,2.845898117165E-7,9.999999999999E-1));
#282=VECTOR('',#281,2.E-1);
#283=CARTESIAN_POINT('',(2.365994515246E0,3.8E0,2.95E0));
#284=LINE('',#283,#282);
#285=DIRECTION('',(-1.E0,3.319364618180E-8,0.E0));
#286=VECTOR('',#285,3.429452063385E0);
#287=CARTESIAN_POINT('',(2.365994583078E0,3.800000056918E0,3.15E0));
#288=LINE('',#287,#286);
#289=DIRECTION('',(-1.394720805513E-6,2.845898139367E-7,9.999999999990E-1));
#290=VECTOR('',#289,2.000000000002E-1);
#291=CARTESIAN_POINT('',(-1.063457201362E0,3.800000113836E0,2.95E0));
#292=LINE('',#291,#290);
#293=DIRECTION('',(-1.421085471520E-13,1.687538997430E-13,1.E0));
#294=VECTOR('',#293,2.E-1);
#295=CARTESIAN_POINT('',(-1.744239289582E0,4.611324807921E0,2.95E0));
#296=LINE('',#295,#294);
#297=DIRECTION('',(1.398881011028E-13,1.199040866595E-13,1.E0));
#298=VECTOR('',#297,2.E-1);
#299=CARTESIAN_POINT('',(3.525730052753E0,4.381511474985E0,2.95E0));
#300=LINE('',#299,#298);
#301=DIRECTION('',(-7.660444431191E-1,-6.427876096864E-1,0.E0));
#302=VECTOR('',#301,9.621973350054E-1);
#303=CARTESIAN_POINT('',(3.294140976394E0,8.298133329356E-1,2.95E0));
#304=LINE('',#303,#302);
#305=DIRECTION('',(-6.427876096862E-1,7.660444431192E-1,0.E0));
#306=VECTOR('',#305,7.591093182760E-1);
#307=CARTESIAN_POINT('',(2.557055054729E0,2.113248079209E-1,2.95E0));
#308=LINE('',#307,#306);
#309=DIRECTION('',(1.736481776670E-1,9.848077530122E-1,0.E0));
#310=VECTOR('',#309,2.820195490605E0);
#311=CARTESIAN_POINT('',(2.069108990544E0,7.928362829062E-1,2.95E0));
#312=LINE('',#311,#310);
#313=DIRECTION('',(7.660444431191E-1,6.427876096864E-1,0.E0));
#314=VECTOR('',#313,1.262197335006E0);
#315=CARTESIAN_POINT('',(2.558830798152E0,3.570186667064E0,2.95E0));
#316=LINE('',#315,#314);
#317=DIRECTION('',(6.427876096864E-1,-7.660444431191E-1,0.E0));
#318=VECTOR('',#317,5.073794289222E-1);
#319=CARTESIAN_POINT('',(3.525730052753E0,4.381511474985E0,2.95E0));
#320=LINE('',#319,#318);
#321=DIRECTION('',(-1.736481776669E-1,-9.848077530122E-1,0.E0));
#322=VECTOR('',#321,3.211817677405E0);
#323=CARTESIAN_POINT('',(3.851867263074E0,3.992836282906E0,2.95E0));
#324=LINE('',#323,#322);
#325=DIRECTION('',(-7.993605777301E-14,2.292610545851E-13,1.E0));
#326=VECTOR('',#325,2.E-1);
#327=CARTESIAN_POINT('',(3.294140976394E0,8.298133329356E-1,2.95E0));
#328=LINE('',#327,#326);
#329=DIRECTION('',(-9.769962616701E-14,1.132427485118E-13,1.E0));
#330=VECTOR('',#329,2.E-1);
#331=CARTESIAN_POINT('',(3.851867263074E0,3.992836282906E0,2.95E0));
#332=LINE('',#331,#330);
#333=DIRECTION('',(-1.931788062848E-13,-1.616762279610E-13,1.E0));
#334=VECTOR('',#333,2.E-1);
#335=CARTESIAN_POINT('',(2.557055054729E0,2.113248079209E-1,2.95E0));
#336=LINE('',#335,#334);
#337=DIRECTION('',(2.908784324518E-13,-1.014743844507E-12,1.E0));
#338=VECTOR('',#337,2.E-1);
#339=CARTESIAN_POINT('',(2.069108990544E0,7.928362829062E-1,2.95E0));
#340=LINE('',#339,#338);
#341=DIRECTION('',(-7.993605777301E-14,-4.551914400963E-13,1.E0));
#342=VECTOR('',#341,2.E-1);
#343=CARTESIAN_POINT('',(2.558830798152E0,3.570186667064E0,2.95E0));
#344=LINE('',#343,#342);
#345=DIRECTION('',(2.176037128265E-13,3.508304757815E-13,1.E0));
#346=VECTOR('',#345,2.E-1);
#347=CARTESIAN_POINT('',(2.520078004700E0,-2.113248079211E-1,2.95E0));
#348=LINE('',#347,#346);
#349=DIRECTION('',(6.427876096866E-1,-7.660444431189E-1,0.E0));
#350=VECTOR('',#349,7.591093182758E-1);
#351=CARTESIAN_POINT('',(2.520078004700E0,-2.113248079211E-1,2.95E0));
#352=LINE('',#351,#350);
#353=DIRECTION('',(-1.736481776669E-1,-9.848077530122E-1,0.E0));
#354=VECTOR('',#353,3.286912638663E0);
#355=CARTESIAN_POINT('',(3.008024068885E0,-7.928362829061E-1,2.95E0));
#356=LINE('',#355,#354);
#357=DIRECTION('',(-7.660444431191E-1,-6.427876096864E-1,0.E0));
#358=VECTOR('',#357,6.046712572272E-1);
#359=CARTESIAN_POINT('',(2.437257679031E0,-4.029813332936E0,2.95E0));
#360=LINE('',#359,#358);
#361=DIRECTION('',(-6.427877129976E-1,7.660443564307E-1,0.E0));
#362=VECTOR('',#361,1.059109028802E0);
#363=CARTESIAN_POINT('',(1.974052622518E0,-4.418488525015E0,2.95E0));
#364=LINE('',#363,#362);
#365=DIRECTION('',(1.736481322929E-1,9.848077610129E-1,0.E0));
#366=VECTOR('',#365,2.820195786093E0);
#367=CARTESIAN_POINT('',(1.293270352079E0,-3.607164030656E0,2.95E0));
#368=LINE('',#367,#366);
#369=DIRECTION('',(7.660444431190E-1,6.427876096866E-1,0.E0));
#370=VECTOR('',#369,9.621973350055E-1);
#371=CARTESIAN_POINT('',(1.782992083035E0,-8.298133329361E-1,2.95E0));
#372=LINE('',#371,#370);
#373=DIRECTION('',(2.930988785010E-13,-1.387778780781E-14,1.E0));
#374=VECTOR('',#373,2.E-1);
#375=CARTESIAN_POINT('',(3.008024068885E0,-7.928362829061E-1,2.95E0));
#376=LINE('',#375,#374);
#377=DIRECTION('',(3.463895836830E-13,2.930988785010E-13,1.E0));
#378=VECTOR('',#377,2.E-1);
#379=CARTESIAN_POINT('',(2.437257679031E0,-4.029813332936E0,2.95E0));
#380=LINE('',#379,#378);
#381=DIRECTION('',(-1.276756478319E-13,-1.065814103640E-13,1.E0));
#382=VECTOR('',#381,2.E-1);
#383=CARTESIAN_POINT('',(1.974052622518E0,-4.418488525015E0,2.95E0));
#384=LINE('',#383,#382);
#385=DIRECTION('',(3.160379491434E-7,-1.949064538649E-6,9.999999999981E-1));
#386=VECTOR('',#385,2.000000000004E-1);
#387=CARTESIAN_POINT('',(1.293270352079E0,-3.607164030656E0,2.95E0));
#388=LINE('',#387,#386);
#389=DIRECTION('',(-4.329869796038E-14,4.252154184314E-13,1.E0));
#390=VECTOR('',#389,2.E-1);
#391=CARTESIAN_POINT('',(1.782992083035E0,-8.298133329361E-1,2.95E0));
#392=LINE('',#391,#390);
#393=DIRECTION('',(2.153832667773E-13,1.554312234475E-14,1.E0));
#394=VECTOR('',#393,2.E-1);
#395=CARTESIAN_POINT('',(-1.590155800129E0,5.999999999999E-1,2.95E0));
#396=LINE('',#395,#394);
#397=DIRECTION('',(1.E0,2.052460594024E-14,0.E0));
#398=VECTOR('',#397,3.429451457737E0);
#399=CARTESIAN_POINT('',(-1.590155800129E0,5.999999999999E-1,3.15E0));
#400=LINE('',#399,#398);
#401=DIRECTION('',(1.E0,2.052460594024E-14,0.E0));
#402=VECTOR('',#401,3.429451457738E0);
#403=CARTESIAN_POINT('',(-1.590155800129E0,5.999999999999E-1,2.95E0));
#404=LINE('',#403,#402);
#405=DIRECTION('',(6.427876096866E-1,-7.660444431189E-1,0.E0));
#406=VECTOR('',#405,7.591093182759E-1);
#407=CARTESIAN_POINT('',(1.839295657609E0,6.E-1,2.95E0));
#408=LINE('',#407,#406);
#409=DIRECTION('',(-7.660444431190E-1,-6.427876096866E-1,0.E0));
#410=VECTOR('',#409,9.621973350057E-1);
#411=CARTESIAN_POINT('',(2.327241721794E0,1.848852501499E-2,2.95E0));
#412=LINE('',#411,#410);
#413=DIRECTION('',(-1.E0,2.143105541395E-14,0.E0));
#414=VECTOR('',#413,3.429451457736E0);
#415=CARTESIAN_POINT('',(1.590155800129E0,-6.000000000001E-1,2.95E0));
#416=LINE('',#415,#414);
#417=DIRECTION('',(-6.427876096865E-1,7.660444431190E-1,0.E0));
#418=VECTOR('',#417,7.591093182765E-1);
#419=CARTESIAN_POINT('',(-1.839295657607E0,-6.E-1,2.95E0));
#420=LINE('',#419,#418);
#421=DIRECTION('',(7.660444431190E-1,6.427876096865E-1,0.E0));
#422=VECTOR('',#421,9.621973350047E-1);
#423=CARTESIAN_POINT('',(-2.327241721793E0,-1.848852501447E-2,2.95E0));
#424=LINE('',#423,#422);
#425=DIRECTION('',(-8.004708007547E-13,1.498801083244E-14,1.E0));
#426=VECTOR('',#425,2.E-1);
#427=CARTESIAN_POINT('',(1.839295657609E0,6.E-1,2.95E0));
#428=LINE('',#427,#426);
#429=DIRECTION('',(3.108624468950E-14,-2.701311396791E-13,1.E0));
#430=VECTOR('',#429,2.E-1);
#431=CARTESIAN_POINT('',(2.327241721794E0,1.848852501499E-2,2.95E0));
#432=LINE('',#431,#430);
#433=DIRECTION('',(1.165734175856E-13,9.714451465470E-14,1.E0));
#434=VECTOR('',#433,2.E-1);
#435=CARTESIAN_POINT('',(1.590155800129E0,-6.000000000001E-1,2.95E0));
#436=LINE('',#435,#434);
#437=DIRECTION('',(-1.E0,2.146342860943E-14,0.E0));
#438=VECTOR('',#437,3.429451457737E0);
#439=CARTESIAN_POINT('',(1.590155800129E0,-6.000000000001E-1,3.15E0));
#440=LINE('',#439,#438);
#441=DIRECTION('',(-1.043609643148E-12,9.769962616701E-14,1.E0));
#442=VECTOR('',#441,2.E-1);
#443=CARTESIAN_POINT('',(-1.839295657607E0,-6.E-1,2.95E0));
#444=LINE('',#443,#442);
#445=DIRECTION('',(2.930988785010E-13,-6.686318165805E-13,1.E0));
#446=VECTOR('',#445,2.E-1);
#447=CARTESIAN_POINT('',(-2.327241721793E0,-1.848852501447E-2,2.95E0));
#448=LINE('',#447,#446);
#449=DIRECTION('',(-6.723520362681E-7,-5.641703459955E-7,9.999999999996E-1));
#450=VECTOR('',#449,2.000000000001E-1);
#451=CARTESIAN_POINT('',(-2.365994515246E0,-3.8E0,2.95E0));
#452=LINE('',#451,#450);
#453=DIRECTION('',(1.E0,-5.615880535873E-8,0.E0));
#454=VECTOR('',#453,3.429452429112E0);
#455=CARTESIAN_POINT('',(-2.365994649716E0,-3.800000112834E0,3.15E0));
#456=LINE('',#455,#454);
#457=DIRECTION('',(-1.E0,0.E0,0.E0));
#458=VECTOR('',#457,4.287790792595E0);
#459=CARTESIAN_POINT('',(1.281034233070E0,-5.E0,2.95E0));
#460=LINE('',#459,#458);
#461=DIRECTION('',(-6.427876096866E-1,7.660444431189E-1,0.E0));
#462=VECTOR('',#461,5.073794289229E-1);
#463=CARTESIAN_POINT('',(-3.006756559525E0,-5.E0,2.95E0));
#464=LINE('',#463,#462);
#465=DIRECTION('',(7.660444431190E-1,6.427876096866E-1,0.E0));
#466=VECTOR('',#465,1.262197335005E0);
#467=CARTESIAN_POINT('',(-3.332893769846E0,-4.611324807921E0,2.95E0));
#468=LINE('',#467,#466);
#469=DIRECTION('',(1.E0,-5.615881467515E-8,0.E0));
#470=VECTOR('',#469,3.429451876002E0);
#471=CARTESIAN_POINT('',(-2.365994515246E0,-3.8E0,2.95E0));
#472=LINE('',#471,#470);
#473=DIRECTION('',(6.427874674782E-1,-7.660445624459E-1,0.E0));
#474=VECTOR('',#473,1.059108901885E0);
#475=CARTESIAN_POINT('',(1.063457360756E0,-3.800000192594E0,2.95E0));
#476=LINE('',#475,#474);
#477=DIRECTION('',(-7.660444431190E-1,-6.427876096865E-1,0.E0));
#478=VECTOR('',#477,6.046712572266E-1);
#479=CARTESIAN_POINT('',(1.744239289582E0,-4.611324807921E0,2.95E0));
#480=LINE('',#479,#478);
#481=DIRECTION('',(-4.218847493576E-14,-3.552713678801E-14,1.E0));
#482=VECTOR('',#481,2.E-1);
#483=CARTESIAN_POINT('',(1.281034233070E0,-5.E0,2.95E0));
#484=LINE('',#483,#482);
#485=DIRECTION('',(-1.E0,0.E0,0.E0));
#486=VECTOR('',#485,4.287790792595E0);
#487=CARTESIAN_POINT('',(1.281034233070E0,-5.E0,3.15E0));
#488=LINE('',#487,#486);
#489=DIRECTION('',(-2.309263891220E-13,2.797762022055E-13,1.E0));
#490=VECTOR('',#489,2.E-1);
#491=CARTESIAN_POINT('',(1.744239289582E0,-4.611324807921E0,2.95E0));
#492=LINE('',#491,#490);
#493=DIRECTION('',(2.093201627579E-6,-5.641703459944E-7,9.999999999977E-1));
#494=VECTOR('',#493,2.000000000005E-1);
#495=CARTESIAN_POINT('',(1.063457360756E0,-3.800000192594E0,2.95E0));
#496=LINE('',#495,#494);
#497=DIRECTION('',(-3.685940441756E-13,-3.552713678801E-14,1.E0));
#498=VECTOR('',#497,2.E-1);
#499=CARTESIAN_POINT('',(-3.006756559525E0,-5.E0,2.95E0));
#500=LINE('',#499,#498);
#501=DIRECTION('',(1.953992523340E-13,-2.309263891220E-13,1.E0));
#502=VECTOR('',#501,2.E-1);
#503=CARTESIAN_POINT('',(-3.332893769846E0,-4.611324807921E0,2.95E0));
#504=LINE('',#503,#502);
#505=DIRECTION('',(4.440892098501E-14,-5.551115123126E-14,1.E0));
#506=VECTOR('',#505,2.E-1);
#507=CARTESIAN_POINT('',(-3.851867263074E0,-3.992836282906E0,2.95E0));
#508=LINE('',#507,#506);
#509=DIRECTION('',(-7.660444431190E-1,-6.427876096866E-1,0.E0));
#510=VECTOR('',#509,1.262197335005E0);
#511=CARTESIAN_POINT('',(-2.558830798152E0,-3.570186667065E0,2.95E0));
#512=LINE('',#511,#510);
#513=DIRECTION('',(-6.427876096870E-1,7.660444431186E-1,0.E0));
#514=VECTOR('',#513,5.073794289227E-1);
#515=CARTESIAN_POINT('',(-3.525730052752E0,-4.381511474985E0,2.95E0));
#516=LINE('',#515,#514);
#517=DIRECTION('',(1.736481776669E-1,9.848077530122E-1,0.E0));
#518=VECTOR('',#517,3.211817677405E0);
#519=CARTESIAN_POINT('',(-3.851867263074E0,-3.992836282906E0,2.95E0));
#520=LINE('',#519,#518);
#521=DIRECTION('',(7.660444431190E-1,6.427876096865E-1,0.E0));
#522=VECTOR('',#521,9.621973350054E-1);
#523=CARTESIAN_POINT('',(-3.294140976394E0,-8.298133329359E-1,2.95E0));
#524=LINE('',#523,#522);
#525=DIRECTION('',(6.427876096865E-1,-7.660444431190E-1,0.E0));
#526=VECTOR('',#525,7.591093182757E-1);
#527=CARTESIAN_POINT('',(-2.557055054729E0,-2.113248079210E-1,2.95E0));
#528=LINE('',#527,#526);
#529=DIRECTION('',(-1.736481776669E-1,-9.848077530122E-1,0.E0));
#530=VECTOR('',#529,2.820195490606E0);
#531=CARTESIAN_POINT('',(-2.069108990544E0,-7.928362829060E-1,2.95E0));
#532=LINE('',#531,#530);
#533=DIRECTION('',(-2.664535259100E-13,1.643130076445E-13,1.E0));
#534=VECTOR('',#533,2.E-1);
#535=CARTESIAN_POINT('',(-2.558830798152E0,-3.570186667065E0,2.95E0));
#536=LINE('',#535,#534);
#537=DIRECTION('',(-5.817568649036E-13,1.028066520803E-12,1.E0));
#538=VECTOR('',#537,2.E-1);
#539=CARTESIAN_POINT('',(-2.069108990544E0,-7.928362829060E-1,2.95E0));
#540=LINE('',#539,#538);
#541=DIRECTION('',(7.993605777301E-14,2.346733918301E-13,1.E0));
#542=VECTOR('',#541,2.E-1);
#543=CARTESIAN_POINT('',(-2.557055054729E0,-2.113248079210E-1,2.95E0));
#544=LINE('',#543,#542);
#545=DIRECTION('',(1.065814103640E-13,2.531308496145E-13,1.E0));
#546=VECTOR('',#545,2.E-1);
#547=CARTESIAN_POINT('',(-3.294140976394E0,-8.298133329359E-1,2.95E0));
#548=LINE('',#547,#546);
#549=DIRECTION('',(0.E0,0.E0,1.E0));
#550=VECTOR('',#549,2.E-1);
#551=CARTESIAN_POINT('',(-3.525730052752E0,-4.381511474985E0,2.95E0));
#552=LINE('',#551,#550);
#553=DIRECTION('',(-1.687538997430E-13,-9.531264666407E-13,1.E0));
#554=VECTOR('',#553,2.E-1);
#555=CARTESIAN_POINT('',(-3.008024068885E0,7.928362829057E-1,2.95E0));
#556=LINE('',#555,#554);
#557=DIRECTION('',(-7.660444431189E-1,-6.427876096867E-1,0.E0));
#558=VECTOR('',#557,9.621973350047E-1);
#559=CARTESIAN_POINT('',(-1.782992083035E0,8.298133329351E-1,2.95E0));
#560=LINE('',#559,#558);
#561=DIRECTION('',(-6.427876096865E-1,7.660444431190E-1,0.E0));
#562=VECTOR('',#561,7.591093182759E-1);
#563=CARTESIAN_POINT('',(-2.520078004699E0,2.113248079205E-1,2.95E0));
#564=LINE('',#563,#562);
#565=DIRECTION('',(1.736481776669E-1,9.848077530122E-1,0.E0));
#566=VECTOR('',#565,3.286912638665E0);
#567=CARTESIAN_POINT('',(-3.008024068885E0,7.928362829057E-1,2.95E0));
#568=LINE('',#567,#566);
#569=DIRECTION('',(7.660444431190E-1,6.427876096866E-1,0.E0));
#570=VECTOR('',#569,6.046712572267E-1);
#571=CARTESIAN_POINT('',(-2.437257679030E0,4.029813332936E0,2.95E0));
#572=LINE('',#571,#570);
#573=DIRECTION('',(6.427877129975E-1,-7.660443564308E-1,0.E0));
#574=VECTOR('',#573,1.059109028802E0);
#575=CARTESIAN_POINT('',(-1.974052622518E0,4.418488525015E0,2.95E0));
#576=LINE('',#575,#574);
#577=DIRECTION('',(-1.736481322930E-1,-9.848077610129E-1,0.E0));
#578=VECTOR('',#577,2.820195786094E0);
#579=CARTESIAN_POINT('',(-1.293270352079E0,3.607164030657E0,2.95E0));
#580=LINE('',#579,#578);
#581=DIRECTION('',(1.665334536938E-13,4.396483177516E-13,1.E0));
#582=VECTOR('',#581,2.E-1);
#583=CARTESIAN_POINT('',(-1.782992083035E0,8.298133329351E-1,2.95E0));
#584=LINE('',#583,#582);
#585=DIRECTION('',(-3.160373929217E-7,1.949062533587E-6,9.999999999981E-1));
#586=VECTOR('',#585,2.000000000004E-1);
#587=CARTESIAN_POINT('',(-1.293270352079E0,3.607164030657E0,2.95E0));
#588=LINE('',#587,#586);
#589=DIRECTION('',(-6.439293542826E-14,-5.329070518201E-14,1.E0));
#590=VECTOR('',#589,2.E-1);
#591=CARTESIAN_POINT('',(-1.974052622518E0,4.418488525015E0,2.95E0));
#592=LINE('',#591,#590);
#593=DIRECTION('',(-7.549516567451E-14,-4.307665335546E-13,1.E0));
#594=VECTOR('',#593,2.E-1);
#595=CARTESIAN_POINT('',(-2.437257679030E0,4.029813332936E0,2.95E0));
#596=LINE('',#595,#594);
#597=DIRECTION('',(-6.505906924303E-13,-3.787248292753E-13,1.E0));
#598=VECTOR('',#597,2.E-1);
#599=CARTESIAN_POINT('',(-2.520078004699E0,2.113248079205E-1,2.95E0));
#600=LINE('',#599,#598);
#601=DIRECTION('',(0.E0,7.959751905215E-9,-1.E0));
#602=VECTOR('',#601,1.68E-1);
#603=CARTESIAN_POINT('',(5.000000000010E-2,2.249999998663E0,-5.7E-1));
#604=LINE('',#603,#602);
#605=DIRECTION('',(-5.798403010372E-11,-4.392716241942E-10,-1.E0));
#606=VECTOR('',#605,7.38E-1);
#607=CARTESIAN_POINT('',(9.500000000429E-1,2.250000000324E0,0.E0));
#608=LINE('',#607,#606);
#609=DIRECTION('',(7.507431567249E-11,-1.348649846770E-9,1.E0));
#610=VECTOR('',#609,5.7E-1);
#611=CARTESIAN_POINT('',(5.000000000010E-2,2.249999998663E0,-5.7E-1));
#612=LINE('',#611,#610);
#613=CARTESIAN_POINT('',(5.000000000001E-1,2.25E0,-7.38E-1));
#614=DIRECTION('',(0.E0,0.E0,-1.E0));
#615=DIRECTION('',(-1.E0,0.E0,0.E0));
#616=AXIS2_PLACEMENT_3D('',#613,#614,#615);
#618=CARTESIAN_POINT('',(5.000000000001E-1,2.25E0,-7.38E-1));
#619=DIRECTION('',(0.E0,0.E0,-1.E0));
#620=DIRECTION('',(1.E0,0.E0,0.E0));
#621=AXIS2_PLACEMENT_3D('',#618,#619,#620);
#623=CARTESIAN_POINT('',(-4.999999999999E-1,-2.25E0,-7.38E-1));
#624=DIRECTION('',(0.E0,0.E0,-1.E0));
#625=DIRECTION('',(-1.E0,0.E0,0.E0));
#626=AXIS2_PLACEMENT_3D('',#623,#624,#625);
#628=CARTESIAN_POINT('',(-4.999999999999E-1,-2.25E0,-7.38E-1));
#629=DIRECTION('',(0.E0,0.E0,-1.E0));
#630=DIRECTION('',(1.E0,0.E0,0.E0));
#631=AXIS2_PLACEMENT_3D('',#628,#629,#630);
#633=DIRECTION('',(0.E0,0.E0,-1.E0));
#634=VECTOR('',#633,1.68E-1);
#635=CARTESIAN_POINT('',(-1.05E0,-2.25E0,-5.7E-1));
#636=LINE('',#635,#634);
#637=CARTESIAN_POINT('',(-4.999999999999E-1,-2.25E0,-5.7E-1));
#638=DIRECTION('',(0.E0,0.E0,-1.E0));
#639=DIRECTION('',(-1.E0,0.E0,0.E0));
#640=AXIS2_PLACEMENT_3D('',#637,#638,#639);
#642=CARTESIAN_POINT('',(-4.999999999999E-1,-2.25E0,-5.7E-1));
#643=DIRECTION('',(0.E0,0.E0,-1.E0));
#644=DIRECTION('',(1.E0,0.E0,0.E0));
#645=AXIS2_PLACEMENT_3D('',#642,#643,#644);
#647=DIRECTION('',(0.E0,0.E0,-1.E0));
#648=VECTOR('',#647,1.68E-1);
#649=CARTESIAN_POINT('',(5.000000000010E-2,-2.25E0,-5.7E-1));
#650=LINE('',#649,#648);
#651=CARTESIAN_POINT('',(-4.999999999999E-1,-2.25E0,-5.7E-1));
#652=DIRECTION('',(0.E0,0.E0,-1.E0));
#653=DIRECTION('',(1.E0,5.808562380839E-9,0.E0));
#654=AXIS2_PLACEMENT_3D('',#651,#652,#653);
#656=CARTESIAN_POINT('',(-4.999999999999E-1,-2.25E0,-4.7E-1));
#657=DIRECTION('',(0.E0,0.E0,1.E0));
#658=DIRECTION('',(-1.E0,-3.164762997120E-9,0.E0));
#659=AXIS2_PLACEMENT_3D('',#656,#657,#658);
#661=CARTESIAN_POINT('',(-4.999999999999E-1,-2.25E0,-4.7E-1));
#662=DIRECTION('',(-5.807795309405E-9,1.E0,0.E0));
#663=DIRECTION('',(1.E0,5.807795456679E-9,0.E0));
#664=AXIS2_PLACEMENT_3D('',#661,#662,#663);
#666=CARTESIAN_POINT('',(-4.999999999998E-1,-2.25E0,-5.7E-1));
#667=DIRECTION('',(0.E0,0.E0,-1.E0));
#668=DIRECTION('',(-1.E0,-5.808559096354E-9,0.E0));
#669=AXIS2_PLACEMENT_3D('',#666,#667,#668);
#671=CARTESIAN_POINT('',(-4.999999999998E-1,-2.25E0,-4.7E-1));
#672=DIRECTION('',(0.E0,0.E0,1.E0));
#673=DIRECTION('',(1.E0,0.E0,0.E0));
#674=AXIS2_PLACEMENT_3D('',#671,#672,#673);
#676=CARTESIAN_POINT('',(-4.999999999998E-1,-2.25E0,-4.7E-1));
#677=DIRECTION('',(5.807795087355E-9,-1.E0,0.E0));
#678=DIRECTION('',(-1.E0,-5.807795456679E-9,0.E0));
#679=AXIS2_PLACEMENT_3D('',#676,#677,#678);
#681=DIRECTION('',(5.423560536847E-11,-2.952014991791E-9,1.E0));
#682=VECTOR('',#681,4.7E-1);
#683=CARTESIAN_POINT('',(5.000000000012E-2,-2.249999998403E0,-4.7E-1));
#684=LINE('',#683,#682);
#685=DIRECTION('',(5.423557584126E-11,2.336453489311E-9,1.E0));
#686=VECTOR('',#685,4.7E-1);
#687=CARTESIAN_POINT('',(-1.05E0,-2.250000002467E0,-4.7E-1));
#688=LINE('',#687,#686);
#689=CARTESIAN_POINT('',(-4.865E0,6.5E0,0.E0));
#690=CARTESIAN_POINT('',(4.865E0,6.5E0,0.E0));
#691=VERTEX_POINT('',#689);
#692=VERTEX_POINT('',#690);
#693=CARTESIAN_POINT('',(-4.865E0,-6.5E0,0.E0));
#694=VERTEX_POINT('',#693);
#695=CARTESIAN_POINT('',(4.865E0,-6.5E0,0.E0));
#696=VERTEX_POINT('',#695);
#697=CARTESIAN_POINT('',(5.000000000010E-2,2.249999999031E0,0.E0));
#698=CARTESIAN_POINT('',(9.500000000001E-1,2.250000000973E0,0.E0));
#699=VERTEX_POINT('',#697);
#700=VERTEX_POINT('',#698);
#701=CARTESIAN_POINT('',(-1.05E0,-2.250000000627E0,0.E0));
#702=CARTESIAN_POINT('',(5.000000000010E-2,-2.249999999371E0,0.E0));
#703=VERTEX_POINT('',#701);
#704=VERTEX_POINT('',#702);
#705=CARTESIAN_POINT('',(-1.05E0,-2.250000002467E0,-4.7E-1));
#706=VERTEX_POINT('',#705);
#707=CARTESIAN_POINT('',(5.000000000020E-2,-2.25E0,-4.7E-1));
#708=VERTEX_POINT('',#707);
#709=CARTESIAN_POINT('',(4.865E0,6.5E0,3.15E0));
#710=VERTEX_POINT('',#709);
#711=CARTESIAN_POINT('',(-4.865E0,6.5E0,3.15E0));
#712=VERTEX_POINT('',#711);
#713=CARTESIAN_POINT('',(4.865E0,-6.5E0,3.15E0));
#714=VERTEX_POINT('',#713);
#715=CARTESIAN_POINT('',(-4.865E0,-6.5E0,3.15E0));
#716=VERTEX_POINT('',#715);
#717=CARTESIAN_POINT('',(-4.2E0,4.4E0,3.15E0));
#718=CARTESIAN_POINT('',(-3.E0,4.4E0,3.15E0));
#719=VERTEX_POINT('',#717);
#720=VERTEX_POINT('',#718);
#721=CARTESIAN_POINT('',(-1.281034233069E0,5.E0,3.15E0));
#722=CARTESIAN_POINT('',(3.006756559525E0,5.E0,3.15E0));
#723=VERTEX_POINT('',#721);
#724=VERTEX_POINT('',#722);
#725=CARTESIAN_POINT('',(-1.744239289582E0,4.611324807921E0,3.15E0));
#726=VERTEX_POINT('',#725);
#727=CARTESIAN_POINT('',(-1.063457480307E0,3.800000170754E0,3.15E0));
#728=VERTEX_POINT('',#727);
#729=CARTESIAN_POINT('',(2.365994583078E0,3.800000056918E0,3.15E0));
#730=VERTEX_POINT('',#729);
#731=CARTESIAN_POINT('',(3.332893769847E0,4.611324807921E0,3.15E0));
#732=VERTEX_POINT('',#731);
#733=CARTESIAN_POINT('',(3.851867263074E0,3.992836282906E0,3.15E0));
#734=CARTESIAN_POINT('',(3.525730052753E0,4.381511474985E0,3.15E0));
#735=VERTEX_POINT('',#733);
#736=VERTEX_POINT('',#734);
#737=CARTESIAN_POINT('',(2.558830798152E0,3.570186667064E0,3.15E0));
#738=VERTEX_POINT('',#737);
#739=CARTESIAN_POINT('',(2.069108990544E0,7.928362829060E-1,3.15E0));
#740=VERTEX_POINT('',#739);
#741=CARTESIAN_POINT('',(2.557055054729E0,2.113248079208E-1,3.15E0));
#742=VERTEX_POINT('',#741);
#743=CARTESIAN_POINT('',(3.294140976394E0,8.298133329357E-1,3.15E0));
#744=VERTEX_POINT('',#743);
#745=CARTESIAN_POINT('',(3.008024068885E0,-7.928362829061E-1,3.15E0));
#746=CARTESIAN_POINT('',(2.520078004700E0,-2.113248079211E-1,3.15E0));
#747=VERTEX_POINT('',#745);
#748=VERTEX_POINT('',#746);
#749=CARTESIAN_POINT('',(1.782992083035E0,-8.298133329360E-1,3.15E0));
#750=VERTEX_POINT('',#749);
#751=CARTESIAN_POINT('',(1.293270415287E0,-3.607164420469E0,3.15E0));
#752=VERTEX_POINT('',#751);
#753=CARTESIAN_POINT('',(1.974052622518E0,-4.418488525015E0,3.15E0));
#754=VERTEX_POINT('',#753);
#755=CARTESIAN_POINT('',(2.437257679031E0,-4.029813332936E0,3.15E0));
#756=VERTEX_POINT('',#755);
#757=CARTESIAN_POINT('',(-1.590155800129E0,5.999999999999E-1,3.15E0));
#758=CARTESIAN_POINT('',(1.839295657608E0,6.E-1,3.15E0));
#759=VERTEX_POINT('',#757);
#760=VERTEX_POINT('',#758);
#761=CARTESIAN_POINT('',(-2.327241721793E0,-1.848852501461E-2,3.15E0));
#762=VERTEX_POINT('',#761);
#763=CARTESIAN_POINT('',(-1.839295657608E0,-6.E-1,3.15E0));
#764=VERTEX_POINT('',#763);
#765=CARTESIAN_POINT('',(1.590155800129E0,-6.000000000001E-1,3.15E0));
#766=VERTEX_POINT('',#765);
#767=CARTESIAN_POINT('',(2.327241721794E0,1.848852501493E-2,3.15E0));
#768=VERTEX_POINT('',#767);
#769=CARTESIAN_POINT('',(-2.365994649716E0,-3.800000112834E0,3.15E0));
#770=CARTESIAN_POINT('',(1.063457779396E0,-3.800000305428E0,3.15E0));
#771=VERTEX_POINT('',#769);
#772=VERTEX_POINT('',#770);
#773=CARTESIAN_POINT('',(-3.332893769846E0,-4.611324807921E0,3.15E0));
#774=VERTEX_POINT('',#773);
#775=CARTESIAN_POINT('',(-3.006756559525E0,-5.E0,3.15E0));
#776=VERTEX_POINT('',#775);
#777=CARTESIAN_POINT('',(1.281034233070E0,-5.E0,3.15E0));
#778=VERTEX_POINT('',#777);
#779=CARTESIAN_POINT('',(1.744239289582E0,-4.611324807921E0,3.15E0));
#780=VERTEX_POINT('',#779);
#781=CARTESIAN_POINT('',(-3.294140976394E0,-8.298133329358E-1,3.15E0));
#782=CARTESIAN_POINT('',(-3.851867263074E0,-3.992836282906E0,3.15E0));
#783=VERTEX_POINT('',#781);
#784=VERTEX_POINT('',#782);
#785=CARTESIAN_POINT('',(-3.525730052752E0,-4.381511474985E0,3.15E0));
#786=VERTEX_POINT('',#785);
#787=CARTESIAN_POINT('',(-2.558830798152E0,-3.570186667064E0,3.15E0));
#788=VERTEX_POINT('',#787);
#789=CARTESIAN_POINT('',(-2.069108990544E0,-7.928362829058E-1,3.15E0));
#790=VERTEX_POINT('',#789);
#791=CARTESIAN_POINT('',(-2.557055054729E0,-2.113248079210E-1,3.15E0));
#792=VERTEX_POINT('',#791);
#793=CARTESIAN_POINT('',(-2.437257679030E0,4.029813332936E0,3.15E0));
#794=CARTESIAN_POINT('',(-3.008024068885E0,7.928362829055E-1,3.15E0));
#795=VERTEX_POINT('',#793);
#796=VERTEX_POINT('',#794);
#797=CARTESIAN_POINT('',(-2.520078004699E0,2.113248079205E-1,3.15E0));
#798=VERTEX_POINT('',#797);
#799=CARTESIAN_POINT('',(-1.782992083035E0,8.298133329352E-1,3.15E0));
#800=VERTEX_POINT('',#799);
#801=CARTESIAN_POINT('',(-1.293270415287E0,3.607164420469E0,3.15E0));
#802=VERTEX_POINT('',#801);
#803=CARTESIAN_POINT('',(-1.974052622518E0,4.418488525015E0,3.15E0));
#804=VERTEX_POINT('',#803);
#805=CARTESIAN_POINT('',(-3.E0,4.4E0,2.95E0));
#806=CARTESIAN_POINT('',(-4.2E0,4.4E0,2.95E0));
#807=VERTEX_POINT('',#805);
#808=VERTEX_POINT('',#806);
#809=CARTESIAN_POINT('',(-1.782992083035E0,8.298133329351E-1,2.95E0));
#810=CARTESIAN_POINT('',(-2.520078004699E0,2.113248079205E-1,2.95E0));
#811=VERTEX_POINT('',#809);
#812=VERTEX_POINT('',#810);
#813=CARTESIAN_POINT('',(-3.008024068885E0,7.928362829057E-1,2.95E0));
#814=VERTEX_POINT('',#813);
#815=CARTESIAN_POINT('',(-2.437257679030E0,4.029813332936E0,2.95E0));
#816=VERTEX_POINT('',#815);
#817=CARTESIAN_POINT('',(-1.974052622518E0,4.418488525015E0,2.95E0));
#818=VERTEX_POINT('',#817);
#819=CARTESIAN_POINT('',(-1.293270352079E0,3.607164030657E0,2.95E0));
#820=VERTEX_POINT('',#819);
#821=CARTESIAN_POINT('',(-1.281034233069E0,5.E0,2.95E0));
#822=CARTESIAN_POINT('',(3.006756559526E0,5.E0,2.95E0));
#823=VERTEX_POINT('',#821);
#824=VERTEX_POINT('',#822);
#825=CARTESIAN_POINT('',(3.332893769847E0,4.611324807921E0,2.95E0));
#826=VERTEX_POINT('',#825);
#827=CARTESIAN_POINT('',(2.365994515246E0,3.8E0,2.95E0));
#828=VERTEX_POINT('',#827);
#829=CARTESIAN_POINT('',(-1.063457201362E0,3.800000113836E0,2.95E0));
#830=VERTEX_POINT('',#829);
#831=CARTESIAN_POINT('',(-1.744239289582E0,4.611324807921E0,2.95E0));
#832=VERTEX_POINT('',#831);
#833=CARTESIAN_POINT('',(3.294140976394E0,8.298133329356E-1,2.95E0));
#834=CARTESIAN_POINT('',(2.557055054729E0,2.113248079209E-1,2.95E0));
#835=VERTEX_POINT('',#833);
#836=VERTEX_POINT('',#834);
#837=CARTESIAN_POINT('',(2.069108990544E0,7.928362829062E-1,2.95E0));
#838=VERTEX_POINT('',#837);
#839=CARTESIAN_POINT('',(2.558830798152E0,3.570186667064E0,2.95E0));
#840=VERTEX_POINT('',#839);
#841=CARTESIAN_POINT('',(3.525730052753E0,4.381511474985E0,2.95E0));
#842=VERTEX_POINT('',#841);
#843=CARTESIAN_POINT('',(3.851867263074E0,3.992836282906E0,2.95E0));
#844=VERTEX_POINT('',#843);
#845=CARTESIAN_POINT('',(2.520078004700E0,-2.113248079211E-1,2.95E0));
#846=CARTESIAN_POINT('',(3.008024068885E0,-7.928362829061E-1,2.95E0));
#847=VERTEX_POINT('',#845);
#848=VERTEX_POINT('',#846);
#849=CARTESIAN_POINT('',(2.437257679031E0,-4.029813332936E0,2.95E0));
#850=VERTEX_POINT('',#849);
#851=CARTESIAN_POINT('',(1.974052622518E0,-4.418488525015E0,2.95E0));
#852=VERTEX_POINT('',#851);
#853=CARTESIAN_POINT('',(1.293270352079E0,-3.607164030656E0,2.95E0));
#854=VERTEX_POINT('',#853);
#855=CARTESIAN_POINT('',(1.782992083035E0,-8.298133329361E-1,2.95E0));
#856=VERTEX_POINT('',#855);
#857=CARTESIAN_POINT('',(1.281034233070E0,-5.E0,2.95E0));
#858=CARTESIAN_POINT('',(-3.006756559525E0,-5.E0,2.95E0));
#859=VERTEX_POINT('',#857);
#860=VERTEX_POINT('',#858);
#861=CARTESIAN_POINT('',(-3.332893769846E0,-4.611324807921E0,2.95E0));
#862=VERTEX_POINT('',#861);
#863=CARTESIAN_POINT('',(-2.365994515246E0,-3.8E0,2.95E0));
#864=VERTEX_POINT('',#863);
#865=CARTESIAN_POINT('',(1.063457360756E0,-3.800000192594E0,2.95E0));
#866=VERTEX_POINT('',#865);
#867=CARTESIAN_POINT('',(1.744239289582E0,-4.611324807921E0,2.95E0));
#868=VERTEX_POINT('',#867);
#869=CARTESIAN_POINT('',(-1.590155800129E0,5.999999999999E-1,2.95E0));
#870=CARTESIAN_POINT('',(1.839295657609E0,6.E-1,2.95E0));
#871=VERTEX_POINT('',#869);
#872=VERTEX_POINT('',#870);
#873=CARTESIAN_POINT('',(2.327241721794E0,1.848852501499E-2,2.95E0));
#874=VERTEX_POINT('',#873);
#875=CARTESIAN_POINT('',(1.590155800129E0,-6.000000000001E-1,2.95E0));
#876=VERTEX_POINT('',#875);
#877=CARTESIAN_POINT('',(-1.839295657607E0,-6.E-1,2.95E0));
#878=VERTEX_POINT('',#877);
#879=CARTESIAN_POINT('',(-2.327241721793E0,-1.848852501447E-2,2.95E0));
#880=VERTEX_POINT('',#879);
#881=CARTESIAN_POINT('',(-2.558830798152E0,-3.570186667065E0,2.95E0));
#882=CARTESIAN_POINT('',(-3.525730052752E0,-4.381511474985E0,2.95E0));
#883=VERTEX_POINT('',#881);
#884=VERTEX_POINT('',#882);
#885=CARTESIAN_POINT('',(-3.851867263074E0,-3.992836282906E0,2.95E0));
#886=VERTEX_POINT('',#885);
#887=CARTESIAN_POINT('',(-3.294140976394E0,-8.298133329359E-1,2.95E0));
#888=VERTEX_POINT('',#887);
#889=CARTESIAN_POINT('',(-2.557055054729E0,-2.113248079210E-1,2.95E0));
#890=VERTEX_POINT('',#889);
#891=CARTESIAN_POINT('',(-2.069108990544E0,-7.928362829060E-1,2.95E0));
#892=VERTEX_POINT('',#891);
#893=CARTESIAN_POINT('',(-1.05E0,-2.25E0,-5.7E-1));
#894=CARTESIAN_POINT('',(5.000000000010E-2,-2.25E0,-5.7E-1));
#895=VERTEX_POINT('',#893);
#896=VERTEX_POINT('',#894);
#897=CARTESIAN_POINT('',(5.000000000010E-2,2.25E0,-7.38E-1));
#898=CARTESIAN_POINT('',(9.500000000001E-1,2.25E0,-7.38E-1));
#899=VERTEX_POINT('',#897);
#900=VERTEX_POINT('',#898);
#901=CARTESIAN_POINT('',(-1.05E0,-2.25E0,-7.38E-1));
#902=CARTESIAN_POINT('',(5.000000000010E-2,-2.25E0,-7.38E-1));
#903=VERTEX_POINT('',#901);
#904=VERTEX_POINT('',#902);
#905=CARTESIAN_POINT('',(4.083269131970E-2,-2.249999996859E0,-5.7E-1));
#906=CARTESIAN_POINT('',(-1.040832691319E0,-2.250000003141E0,-5.7E-1));
#907=VERTEX_POINT('',#905);
#908=VERTEX_POINT('',#906);
#909=CARTESIAN_POINT('',(5.000000000010E-2,2.249999998663E0,-5.7E-1));
#910=VERTEX_POINT('',#909);
#911=CARTESIAN_POINT('',(0.E0,0.E0,0.E0));
#912=DIRECTION('',(0.E0,0.E0,1.E0));
#913=DIRECTION('',(1.E0,0.E0,0.E0));
#914=AXIS2_PLACEMENT_3D('',#911,#912,#913);
#915=PLANE('',#914);
#917=ORIENTED_EDGE('',*,*,#916,.F.);
#919=ORIENTED_EDGE('',*,*,#918,.F.);
#921=ORIENTED_EDGE('',*,*,#920,.F.);
#923=ORIENTED_EDGE('',*,*,#922,.F.);
#924=EDGE_LOOP('',(#917,#919,#921,#923));
#925=FACE_OUTER_BOUND('',#924,.F.);
#927=ORIENTED_EDGE('',*,*,#926,.T.);
#929=ORIENTED_EDGE('',*,*,#928,.T.);
#930=EDGE_LOOP('',(#927,#929));
#931=FACE_BOUND('',#930,.F.);
#933=ORIENTED_EDGE('',*,*,#932,.T.);
#935=ORIENTED_EDGE('',*,*,#934,.T.);
#936=EDGE_LOOP('',(#933,#935));
#937=FACE_BOUND('',#936,.F.);
#938=ADVANCED_FACE('',(#925,#931,#937),#915,.F.);
#939=CARTESIAN_POINT('',(4.865E0,6.5E0,0.E0));
#940=DIRECTION('',(0.E0,1.E0,0.E0));
#941=DIRECTION('',(-1.E0,0.E0,0.E0));
#942=AXIS2_PLACEMENT_3D('',#939,#940,#941);
#943=PLANE('',#942);
#944=ORIENTED_EDGE('',*,*,#916,.T.);
#946=ORIENTED_EDGE('',*,*,#945,.F.);
#948=ORIENTED_EDGE('',*,*,#947,.F.);
#950=ORIENTED_EDGE('',*,*,#949,.T.);
#951=EDGE_LOOP('',(#944,#946,#948,#950));
#952=FACE_OUTER_BOUND('',#951,.F.);
#953=ADVANCED_FACE('',(#952),#943,.T.);
#954=CARTESIAN_POINT('',(4.865E0,-6.5E0,0.E0));
#955=DIRECTION('',(1.E0,0.E0,0.E0));
#956=DIRECTION('',(0.E0,1.E0,0.E0));
#957=AXIS2_PLACEMENT_3D('',#954,#955,#956);
#958=PLANE('',#957);
#959=ORIENTED_EDGE('',*,*,#922,.T.);
#961=ORIENTED_EDGE('',*,*,#960,.F.);
#963=ORIENTED_EDGE('',*,*,#962,.F.);
#964=ORIENTED_EDGE('',*,*,#945,.T.);
#965=EDGE_LOOP('',(#959,#961,#963,#964));
#966=FACE_OUTER_BOUND('',#965,.F.);
#967=ADVANCED_FACE('',(#966),#958,.T.);
#968=CARTESIAN_POINT('',(-4.865E0,-6.5E0,0.E0));
#969=DIRECTION('',(0.E0,-1.E0,0.E0));
#970=DIRECTION('',(1.E0,0.E0,0.E0));
#971=AXIS2_PLACEMENT_3D('',#968,#969,#970);
#972=PLANE('',#971);
#973=ORIENTED_EDGE('',*,*,#920,.T.);
#975=ORIENTED_EDGE('',*,*,#974,.F.);
#977=ORIENTED_EDGE('',*,*,#976,.F.);
#978=ORIENTED_EDGE('',*,*,#960,.T.);
#979=EDGE_LOOP('',(#973,#975,#977,#978));
#980=FACE_OUTER_BOUND('',#979,.F.);
#981=ADVANCED_FACE('',(#980),#972,.T.);
#982=CARTESIAN_POINT('',(-4.865E0,6.5E0,0.E0));
#983=DIRECTION('',(-1.E0,0.E0,0.E0));
#984=DIRECTION('',(0.E0,-1.E0,0.E0));
#985=AXIS2_PLACEMENT_3D('',#982,#983,#984);
#986=PLANE('',#985);
#987=ORIENTED_EDGE('',*,*,#918,.T.);
#988=ORIENTED_EDGE('',*,*,#949,.F.);
#990=ORIENTED_EDGE('',*,*,#989,.F.);
#991=ORIENTED_EDGE('',*,*,#974,.T.);
#992=EDGE_LOOP('',(#987,#988,#990,#991));
#993=FACE_OUTER_BOUND('',#992,.F.);
#994=ADVANCED_FACE('',(#993),#986,.T.);
#995=CARTESIAN_POINT('',(0.E0,0.E0,3.15E0));
#996=DIRECTION('',(0.E0,0.E0,1.E0));
#997=DIRECTION('',(1.E0,0.E0,0.E0));
#998=AXIS2_PLACEMENT_3D('',#995,#996,#997);
#999=PLANE('',#998);
#1000=ORIENTED_EDGE('',*,*,#947,.T.);
#1001=ORIENTED_EDGE('',*,*,#962,.T.);
#1002=ORIENTED_EDGE('',*,*,#976,.T.);
#1003=ORIENTED_EDGE('',*,*,#989,.T.);
#1004=EDGE_LOOP('',(#1000,#1001,#1002,#1003));
#1005=FACE_OUTER_BOUND('',#1004,.F.);
#1007=ORIENTED_EDGE('',*,*,#1006,.T.);
#1009=ORIENTED_EDGE('',*,*,#1008,.T.);
#1010=EDGE_LOOP('',(#1007,#1009));
#1011=FACE_BOUND('',#1010,.F.);
#1013=ORIENTED_EDGE('',*,*,#1012,.F.);
#1015=ORIENTED_EDGE('',*,*,#1014,.T.);
#1017=ORIENTED_EDGE('',*,*,#1016,.T.);
#1019=ORIENTED_EDGE('',*,*,#1018,.F.);
#1021=ORIENTED_EDGE('',*,*,#1020,.T.);
#1023=ORIENTED_EDGE('',*,*,#1022,.T.);
#1024=EDGE_LOOP('',(#1013,#1015,#1017,#1019,#1021,#1023));
#1025=FACE_BOUND('',#1024,.F.);
#1027=ORIENTED_EDGE('',*,*,#1026,.T.);
#1029=ORIENTED_EDGE('',*,*,#1028,.T.);
#1031=ORIENTED_EDGE('',*,*,#1030,.T.);
#1033=ORIENTED_EDGE('',*,*,#1032,.T.);
#1035=ORIENTED_EDGE('',*,*,#1034,.T.);
#1037=ORIENTED_EDGE('',*,*,#1036,.T.);
#1038=EDGE_LOOP('',(#1027,#1029,#1031,#1033,#1035,#1037));
#1039=FACE_BOUND('',#1038,.F.);
#1041=ORIENTED_EDGE('',*,*,#1040,.T.);
#1043=ORIENTED_EDGE('',*,*,#1042,.T.);
#1045=ORIENTED_EDGE('',*,*,#1044,.T.);
#1047=ORIENTED_EDGE('',*,*,#1046,.T.);
#1049=ORIENTED_EDGE('',*,*,#1048,.T.);
#1051=ORIENTED_EDGE('',*,*,#1050,.T.);
#1052=EDGE_LOOP('',(#1041,#1043,#1045,#1047,#1049,#1051));
#1053=FACE_BOUND('',#1052,.F.);
#1055=ORIENTED_EDGE('',*,*,#1054,.F.);
#1057=ORIENTED_EDGE('',*,*,#1056,.T.);
#1059=ORIENTED_EDGE('',*,*,#1058,.T.);
#1061=ORIENTED_EDGE('',*,*,#1060,.F.);
#1063=ORIENTED_EDGE('',*,*,#1062,.T.);
#1065=ORIENTED_EDGE('',*,*,#1064,.T.);
#1066=EDGE_LOOP('',(#1055,#1057,#1059,#1061,#1063,#1065));
#1067=FACE_BOUND('',#1066,.F.);
#1069=ORIENTED_EDGE('',*,*,#1068,.F.);
#1071=ORIENTED_EDGE('',*,*,#1070,.T.);
#1073=ORIENTED_EDGE('',*,*,#1072,.T.);
#1075=ORIENTED_EDGE('',*,*,#1074,.F.);
#1077=ORIENTED_EDGE('',*,*,#1076,.T.);
#1079=ORIENTED_EDGE('',*,*,#1078,.T.);
#1080=EDGE_LOOP('',(#1069,#1071,#1073,#1075,#1077,#1079));
#1081=FACE_BOUND('',#1080,.F.);
#1083=ORIENTED_EDGE('',*,*,#1082,.T.);
#1085=ORIENTED_EDGE('',*,*,#1084,.T.);
#1087=ORIENTED_EDGE('',*,*,#1086,.T.);
#1089=ORIENTED_EDGE('',*,*,#1088,.T.);
#1091=ORIENTED_EDGE('',*,*,#1090,.T.);
#1093=ORIENTED_EDGE('',*,*,#1092,.T.);
#1094=EDGE_LOOP('',(#1083,#1085,#1087,#1089,#1091,#1093));
#1095=FACE_BOUND('',#1094,.F.);
#1097=ORIENTED_EDGE('',*,*,#1096,.T.);
#1099=ORIENTED_EDGE('',*,*,#1098,.T.);
#1101=ORIENTED_EDGE('',*,*,#1100,.T.);
#1103=ORIENTED_EDGE('',*,*,#1102,.T.);
#1105=ORIENTED_EDGE('',*,*,#1104,.T.);
#1107=ORIENTED_EDGE('',*,*,#1106,.T.);
#1108=EDGE_LOOP('',(#1097,#1099,#1101,#1103,#1105,#1107));
#1109=FACE_BOUND('',#1108,.F.);
#1110=ADVANCED_FACE('',(#1005,#1011,#1025,#1039,#1053,#1067,#1081,#1095,#1109),
#999,.T.);
#1111=CARTESIAN_POINT('',(-3.6E0,4.4E0,5.35E0));
#1112=DIRECTION('',(0.E0,0.E0,-1.E0));
#1113=DIRECTION('',(1.E0,0.E0,0.E0));
#1114=AXIS2_PLACEMENT_3D('',#1111,#1112,#1113);
#1115=CYLINDRICAL_SURFACE('',#1114,6.E-1);
#1117=ORIENTED_EDGE('',*,*,#1116,.F.);
#1119=ORIENTED_EDGE('',*,*,#1118,.F.);
#1120=ORIENTED_EDGE('',*,*,#1006,.F.);
#1122=ORIENTED_EDGE('',*,*,#1121,.T.);
#1123=EDGE_LOOP('',(#1117,#1119,#1120,#1122));
#1124=FACE_OUTER_BOUND('',#1123,.F.);
#1125=ADVANCED_FACE('',(#1124),#1115,.F.);
#1126=CARTESIAN_POINT('',(4.865E0,-6.5E0,2.95E0));
#1127=DIRECTION('',(0.E0,0.E0,-1.E0));
#1128=DIRECTION('',(1.E0,0.E0,0.E0));
#1129=AXIS2_PLACEMENT_3D('',#1126,#1127,#1128);
#1130=PLANE('',#1129);
#1131=ORIENTED_EDGE('',*,*,#1116,.T.);
#1133=ORIENTED_EDGE('',*,*,#1132,.T.);
#1134=EDGE_LOOP('',(#1131,#1133));
#1135=FACE_OUTER_BOUND('',#1134,.F.);
#1136=ADVANCED_FACE('',(#1135),#1130,.F.);
#1137=CARTESIAN_POINT('',(-3.6E0,4.4E0,5.35E0));
#1138=DIRECTION('',(0.E0,0.E0,-1.E0));
#1139=DIRECTION('',(1.E0,0.E0,0.E0));
#1140=AXIS2_PLACEMENT_3D('',#1137,#1138,#1139);
#1141=CYLINDRICAL_SURFACE('',#1140,6.E-1);
#1142=ORIENTED_EDGE('',*,*,#1132,.F.);
#1143=ORIENTED_EDGE('',*,*,#1121,.F.);
#1144=ORIENTED_EDGE('',*,*,#1008,.F.);
#1145=ORIENTED_EDGE('',*,*,#1118,.T.);
#1146=EDGE_LOOP('',(#1142,#1143,#1144,#1145));
#1147=FACE_OUTER_BOUND('',#1146,.F.);
#1148=ADVANCED_FACE('',(#1147),#1141,.F.);
#1149=CARTESIAN_POINT('',(3.006756559525E0,5.E0,3.15E0));
#1150=DIRECTION('',(0.E0,1.E0,0.E0));
#1151=DIRECTION('',(-1.E0,0.E0,0.E0));
#1152=AXIS2_PLACEMENT_3D('',#1149,#1150,#1151);
#1153=PLANE('',#1152);
#1155=ORIENTED_EDGE('',*,*,#1154,.F.);
#1157=ORIENTED_EDGE('',*,*,#1156,.T.);
#1158=ORIENTED_EDGE('',*,*,#1012,.T.);
#1160=ORIENTED_EDGE('',*,*,#1159,.F.);
#1161=EDGE_LOOP('',(#1155,#1157,#1158,#1160));
#1162=FACE_OUTER_BOUND('',#1161,.F.);
#1163=ADVANCED_FACE('',(#1162),#1153,.F.);
#1164=CARTESIAN_POINT('',(4.865E0,-6.5E0,2.95E0));
#1165=DIRECTION('',(0.E0,0.E0,-1.E0));
#1166=DIRECTION('',(1.E0,0.E0,0.E0));
#1167=AXIS2_PLACEMENT_3D('',#1164,#1165,#1166);
#1168=PLANE('',#1167);
#1169=ORIENTED_EDGE('',*,*,#1154,.T.);
#1171=ORIENTED_EDGE('',*,*,#1170,.T.);
#1173=ORIENTED_EDGE('',*,*,#1172,.T.);
#1175=ORIENTED_EDGE('',*,*,#1174,.T.);
#1177=ORIENTED_EDGE('',*,*,#1176,.T.);
#1179=ORIENTED_EDGE('',*,*,#1178,.T.);
#1180=EDGE_LOOP('',(#1169,#1171,#1173,#1175,#1177,#1179));
#1181=FACE_OUTER_BOUND('',#1180,.F.);
#1182=ADVANCED_FACE('',(#1181),#1168,.F.);
#1183=CARTESIAN_POINT('',(3.332893769847E0,4.611324807921E0,3.15E0));
#1184=DIRECTION('',(7.660444431190E-1,6.427876096865E-1,0.E0));
#1185=DIRECTION('',(-6.427876096865E-1,7.660444431190E-1,0.E0));
#1186=AXIS2_PLACEMENT_3D('',#1183,#1184,#1185);
#1187=PLANE('',#1186);
#1188=ORIENTED_EDGE('',*,*,#1170,.F.);
#1189=ORIENTED_EDGE('',*,*,#1159,.T.);
#1190=ORIENTED_EDGE('',*,*,#1022,.F.);
#1192=ORIENTED_EDGE('',*,*,#1191,.F.);
#1193=EDGE_LOOP('',(#1188,#1189,#1190,#1192));
#1194=FACE_OUTER_BOUND('',#1193,.F.);
#1195=ADVANCED_FACE('',(#1194),#1187,.F.);
#1196=CARTESIAN_POINT('',(2.365994515246E0,3.8E0,3.15E0));
#1197=DIRECTION('',(6.427876096866E-1,-7.660444431189E-1,0.E0));
#1198=DIRECTION('',(7.660444431189E-1,6.427876096866E-1,0.E0));
#1199=AXIS2_PLACEMENT_3D('',#1196,#1197,#1198);
#1200=PLANE('',#1199);
#1201=ORIENTED_EDGE('',*,*,#1172,.F.);
#1202=ORIENTED_EDGE('',*,*,#1191,.T.);
#1203=ORIENTED_EDGE('',*,*,#1020,.F.);
#1205=ORIENTED_EDGE('',*,*,#1204,.F.);
#1206=EDGE_LOOP('',(#1201,#1202,#1203,#1205));
#1207=FACE_OUTER_BOUND('',#1206,.F.);
#1208=ADVANCED_FACE('',(#1207),#1200,.F.);
#1209=CARTESIAN_POINT('',(-1.063456942491E0,3.8E0,3.15E0));
#1210=DIRECTION('',(0.E0,-1.E0,0.E0));
#1211=DIRECTION('',(1.E0,0.E0,0.E0));
#1212=AXIS2_PLACEMENT_3D('',#1209,#1210,#1211);
#1213=PLANE('',#1212);
#1214=ORIENTED_EDGE('',*,*,#1174,.F.);
#1215=ORIENTED_EDGE('',*,*,#1204,.T.);
#1216=ORIENTED_EDGE('',*,*,#1018,.T.);
#1218=ORIENTED_EDGE('',*,*,#1217,.F.);
#1219=EDGE_LOOP('',(#1214,#1215,#1216,#1218));
#1220=FACE_OUTER_BOUND('',#1219,.F.);
#1221=ADVANCED_FACE('',(#1220),#1213,.F.);
#1222=CARTESIAN_POINT('',(-1.744239289582E0,4.611324807921E0,3.15E0));
#1223=DIRECTION('',(-7.660444431190E-1,-6.427876096865E-1,0.E0));
#1224=DIRECTION('',(6.427876096865E-1,-7.660444431190E-1,0.E0));
#1225=AXIS2_PLACEMENT_3D('',#1222,#1223,#1224);
#1226=PLANE('',#1225);
#1227=ORIENTED_EDGE('',*,*,#1176,.F.);
#1228=ORIENTED_EDGE('',*,*,#1217,.T.);
#1229=ORIENTED_EDGE('',*,*,#1016,.F.);
#1231=ORIENTED_EDGE('',*,*,#1230,.F.);
#1232=EDGE_LOOP('',(#1227,#1228,#1229,#1231));
#1233=FACE_OUTER_BOUND('',#1232,.F.);
#1234=ADVANCED_FACE('',(#1233),#1226,.F.);
#1235=CARTESIAN_POINT('',(-1.281034233069E0,5.E0,3.15E0));
#1236=DIRECTION('',(-6.427876096865E-1,7.660444431190E-1,0.E0));
#1237=DIRECTION('',(-7.660444431190E-1,-6.427876096865E-1,0.E0));
#1238=AXIS2_PLACEMENT_3D('',#1235,#1236,#1237);
#1239=PLANE('',#1238);
#1240=ORIENTED_EDGE('',*,*,#1178,.F.);
#1241=ORIENTED_EDGE('',*,*,#1230,.T.);
#1242=ORIENTED_EDGE('',*,*,#1014,.F.);
#1243=ORIENTED_EDGE('',*,*,#1156,.F.);
#1244=EDGE_LOOP('',(#1240,#1241,#1242,#1243));
#1245=FACE_OUTER_BOUND('',#1244,.F.);
#1246=ADVANCED_FACE('',(#1245),#1239,.F.);
#1247=CARTESIAN_POINT('',(3.851867263074E0,3.992836282906E0,3.15E0));
#1248=DIRECTION('',(7.660444431190E-1,6.427876096865E-1,0.E0));
#1249=DIRECTION('',(-6.427876096865E-1,7.660444431190E-1,0.E0));
#1250=AXIS2_PLACEMENT_3D('',#1247,#1248,#1249);
#1251=PLANE('',#1250);
#1253=ORIENTED_EDGE('',*,*,#1252,.F.);
#1255=ORIENTED_EDGE('',*,*,#1254,.T.);
#1256=ORIENTED_EDGE('',*,*,#1026,.F.);
#1258=ORIENTED_EDGE('',*,*,#1257,.F.);
#1259=EDGE_LOOP('',(#1253,#1255,#1256,#1258));
#1260=FACE_OUTER_BOUND('',#1259,.F.);
#1261=ADVANCED_FACE('',(#1260),#1251,.F.);
#1262=CARTESIAN_POINT('',(4.865E0,-6.5E0,2.95E0));
#1263=DIRECTION('',(0.E0,0.E0,-1.E0));
#1264=DIRECTION('',(1.E0,0.E0,0.E0));
#1265=AXIS2_PLACEMENT_3D('',#1262,#1263,#1264);
#1266=PLANE('',#1265);
#1268=ORIENTED_EDGE('',*,*,#1267,.T.);
#1270=ORIENTED_EDGE('',*,*,#1269,.T.);
#1272=ORIENTED_EDGE('',*,*,#1271,.T.);
#1274=ORIENTED_EDGE('',*,*,#1273,.T.);
#1275=ORIENTED_EDGE('',*,*,#1252,.T.);
#1277=ORIENTED_EDGE('',*,*,#1276,.T.);
#1278=EDGE_LOOP('',(#1268,#1270,#1272,#1274,#1275,#1277));
#1279=FACE_OUTER_BOUND('',#1278,.F.);
#1280=ADVANCED_FACE('',(#1279),#1266,.F.);
#1281=CARTESIAN_POINT('',(2.557055054729E0,2.113248079207E-1,3.15E0));
#1282=DIRECTION('',(6.427876096865E-1,-7.660444431190E-1,0.E0));
#1283=DIRECTION('',(7.660444431190E-1,6.427876096865E-1,0.E0));
#1284=AXIS2_PLACEMENT_3D('',#1281,#1282,#1283);
#1285=PLANE('',#1284);
#1286=ORIENTED_EDGE('',*,*,#1267,.F.);
#1288=ORIENTED_EDGE('',*,*,#1287,.T.);
#1289=ORIENTED_EDGE('',*,*,#1034,.F.);
#1291=ORIENTED_EDGE('',*,*,#1290,.F.);
#1292=EDGE_LOOP('',(#1286,#1288,#1289,#1291));
#1293=FACE_OUTER_BOUND('',#1292,.F.);
#1294=ADVANCED_FACE('',(#1293),#1285,.F.);
#1295=CARTESIAN_POINT('',(3.294140976394E0,8.298133329356E-1,3.15E0));
#1296=DIRECTION('',(9.848077530122E-1,-1.736481776669E-1,0.E0));
#1297=DIRECTION('',(1.736481776669E-1,9.848077530122E-1,0.E0));
#1298=AXIS2_PLACEMENT_3D('',#1295,#1296,#1297);
#1299=PLANE('',#1298);
#1300=ORIENTED_EDGE('',*,*,#1276,.F.);
#1301=ORIENTED_EDGE('',*,*,#1257,.T.);
#1302=ORIENTED_EDGE('',*,*,#1036,.F.);
#1303=ORIENTED_EDGE('',*,*,#1287,.F.);
#1304=EDGE_LOOP('',(#1300,#1301,#1302,#1303));
#1305=FACE_OUTER_BOUND('',#1304,.F.);
#1306=ADVANCED_FACE('',(#1305),#1299,.F.);
#1307=CARTESIAN_POINT('',(2.069108990544E0,7.928362829059E-1,3.15E0));
#1308=DIRECTION('',(-7.660444431191E-1,-6.427876096864E-1,0.E0));
#1309=DIRECTION('',(6.427876096864E-1,-7.660444431191E-1,0.E0));
#1310=AXIS2_PLACEMENT_3D('',#1307,#1308,#1309);
#1311=PLANE('',#1310);
#1312=ORIENTED_EDGE('',*,*,#1269,.F.);
#1313=ORIENTED_EDGE('',*,*,#1290,.T.);
#1314=ORIENTED_EDGE('',*,*,#1032,.F.);
#1316=ORIENTED_EDGE('',*,*,#1315,.F.);
#1317=EDGE_LOOP('',(#1312,#1313,#1314,#1316));
#1318=FACE_OUTER_BOUND('',#1317,.F.);
#1319=ADVANCED_FACE('',(#1318),#1311,.F.);
#1320=CARTESIAN_POINT('',(2.558830798152E0,3.570186667064E0,3.15E0));
#1321=DIRECTION('',(-9.848077530122E-1,1.736481776669E-1,0.E0));
#1322=DIRECTION('',(-1.736481776669E-1,-9.848077530122E-1,0.E0));
#1323=AXIS2_PLACEMENT_3D('',#1320,#1321,#1322);
#1324=PLANE('',#1323);
#1325=ORIENTED_EDGE('',*,*,#1271,.F.);
#1326=ORIENTED_EDGE('',*,*,#1315,.T.);
#1327=ORIENTED_EDGE('',*,*,#1030,.F.);
#1329=ORIENTED_EDGE('',*,*,#1328,.F.);
#1330=EDGE_LOOP('',(#1325,#1326,#1327,#1329));
#1331=FACE_OUTER_BOUND('',#1330,.F.);
#1332=ADVANCED_FACE('',(#1331),#1324,.F.);
#1333=CARTESIAN_POINT('',(3.525730052753E0,4.381511474985E0,3.15E0));
#1334=DIRECTION('',(-6.427876096865E-1,7.660444431190E-1,0.E0));
#1335=DIRECTION('',(-7.660444431190E-1,-6.427876096865E-1,0.E0));
#1336=AXIS2_PLACEMENT_3D('',#1333,#1334,#1335);
#1337=PLANE('',#1336);
#1338=ORIENTED_EDGE('',*,*,#1273,.F.);
#1339=ORIENTED_EDGE('',*,*,#1328,.T.);
#1340=ORIENTED_EDGE('',*,*,#1028,.F.);
#1341=ORIENTED_EDGE('',*,*,#1254,.F.);
#1342=EDGE_LOOP('',(#1338,#1339,#1340,#1341));
#1343=FACE_OUTER_BOUND('',#1342,.F.);
#1344=ADVANCED_FACE('',(#1343),#1337,.F.);
#1345=CARTESIAN_POINT('',(3.008024068885E0,-7.928362829060E-1,3.15E0));
#1346=DIRECTION('',(7.660444431189E-1,6.427876096866E-1,0.E0));
#1347=DIRECTION('',(-6.427876096866E-1,7.660444431189E-1,0.E0));
#1348=AXIS2_PLACEMENT_3D('',#1345,#1346,#1347);
#1349=PLANE('',#1348);
#1351=ORIENTED_EDGE('',*,*,#1350,.F.);
#1353=ORIENTED_EDGE('',*,*,#1352,.T.);
#1354=ORIENTED_EDGE('',*,*,#1040,.F.);
#1356=ORIENTED_EDGE('',*,*,#1355,.F.);
#1357=EDGE_LOOP('',(#1351,#1353,#1354,#1356));
#1358=FACE_OUTER_BOUND('',#1357,.F.);
#1359=ADVANCED_FACE('',(#1358),#1349,.F.);
#1360=CARTESIAN_POINT('',(4.865E0,-6.5E0,2.95E0));
#1361=DIRECTION('',(0.E0,0.E0,-1.E0));
#1362=DIRECTION('',(1.E0,0.E0,0.E0));
#1363=AXIS2_PLACEMENT_3D('',#1360,#1361,#1362);
#1364=PLANE('',#1363);
#1365=ORIENTED_EDGE('',*,*,#1350,.T.);
#1367=ORIENTED_EDGE('',*,*,#1366,.T.);
#1369=ORIENTED_EDGE('',*,*,#1368,.T.);
#1371=ORIENTED_EDGE('',*,*,#1370,.T.);
#1373=ORIENTED_EDGE('',*,*,#1372,.T.);
#1375=ORIENTED_EDGE('',*,*,#1374,.T.);
#1376=EDGE_LOOP('',(#1365,#1367,#1369,#1371,#1373,#1375));
#1377=FACE_OUTER_BOUND('',#1376,.F.);
#1378=ADVANCED_FACE('',(#1377),#1364,.F.);
#1379=CARTESIAN_POINT('',(2.437257679031E0,-4.029813332936E0,3.15E0));
#1380=DIRECTION('',(9.848077530122E-1,-1.736481776669E-1,0.E0));
#1381=DIRECTION('',(1.736481776669E-1,9.848077530122E-1,0.E0));
#1382=AXIS2_PLACEMENT_3D('',#1379,#1380,#1381);
#1383=PLANE('',#1382);
#1384=ORIENTED_EDGE('',*,*,#1366,.F.);
#1385=ORIENTED_EDGE('',*,*,#1355,.T.);
#1386=ORIENTED_EDGE('',*,*,#1050,.F.);
#1388=ORIENTED_EDGE('',*,*,#1387,.F.);
#1389=EDGE_LOOP('',(#1384,#1385,#1386,#1388));
#1390=FACE_OUTER_BOUND('',#1389,.F.);
#1391=ADVANCED_FACE('',(#1390),#1383,.F.);
#1392=CARTESIAN_POINT('',(1.974052622518E0,-4.418488525015E0,3.15E0));
#1393=DIRECTION('',(6.427876096867E-1,-7.660444431189E-1,0.E0));
#1394=DIRECTION('',(7.660444431189E-1,6.427876096867E-1,0.E0));
#1395=AXIS2_PLACEMENT_3D('',#1392,#1393,#1394);
#1396=PLANE('',#1395);
#1397=ORIENTED_EDGE('',*,*,#1368,.F.);
#1398=ORIENTED_EDGE('',*,*,#1387,.T.);
#1399=ORIENTED_EDGE('',*,*,#1048,.F.);
#1401=ORIENTED_EDGE('',*,*,#1400,.F.);
#1402=EDGE_LOOP('',(#1397,#1398,#1399,#1401));
#1403=FACE_OUTER_BOUND('',#1402,.F.);
#1404=ADVANCED_FACE('',(#1403),#1396,.F.);
#1405=CARTESIAN_POINT('',(1.293270275427E0,-3.607163717094E0,3.15E0));
#1406=DIRECTION('',(-7.660444431190E-1,-6.427876096865E-1,0.E0));
#1407=DIRECTION('',(6.427876096865E-1,-7.660444431190E-1,0.E0));
#1408=AXIS2_PLACEMENT_3D('',#1405,#1406,#1407);
#1409=PLANE('',#1408);
#1410=ORIENTED_EDGE('',*,*,#1370,.F.);
#1411=ORIENTED_EDGE('',*,*,#1400,.T.);
#1412=ORIENTED_EDGE('',*,*,#1046,.F.);
#1414=ORIENTED_EDGE('',*,*,#1413,.F.);
#1415=EDGE_LOOP('',(#1410,#1411,#1412,#1414));
#1416=FACE_OUTER_BOUND('',#1415,.F.);
#1417=ADVANCED_FACE('',(#1416),#1409,.F.);
#1418=CARTESIAN_POINT('',(1.782992083035E0,-8.298133329357E-1,3.15E0));
#1419=DIRECTION('',(-9.848077530122E-1,1.736481776670E-1,0.E0));
#1420=DIRECTION('',(-1.736481776670E-1,-9.848077530122E-1,0.E0));
#1421=AXIS2_PLACEMENT_3D('',#1418,#1419,#1420);
#1422=PLANE('',#1421);
#1423=ORIENTED_EDGE('',*,*,#1372,.F.);
#1424=ORIENTED_EDGE('',*,*,#1413,.T.);
#1425=ORIENTED_EDGE('',*,*,#1044,.F.);
#1427=ORIENTED_EDGE('',*,*,#1426,.F.);
#1428=EDGE_LOOP('',(#1423,#1424,#1425,#1427));
#1429=FACE_OUTER_BOUND('',#1428,.F.);
#1430=ADVANCED_FACE('',(#1429),#1422,.F.);
#1431=CARTESIAN_POINT('',(2.520078004700E0,-2.113248079209E-1,3.15E0));
#1432=DIRECTION('',(-6.427876096866E-1,7.660444431189E-1,0.E0));
#1433=DIRECTION('',(-7.660444431189E-1,-6.427876096866E-1,0.E0));
#1434=AXIS2_PLACEMENT_3D('',#1431,#1432,#1433);
#1435=PLANE('',#1434);
#1436=ORIENTED_EDGE('',*,*,#1374,.F.);
#1437=ORIENTED_EDGE('',*,*,#1426,.T.);
#1438=ORIENTED_EDGE('',*,*,#1042,.F.);
#1439=ORIENTED_EDGE('',*,*,#1352,.F.);
#1440=EDGE_LOOP('',(#1436,#1437,#1438,#1439));
#1441=FACE_OUTER_BOUND('',#1440,.F.);
#1442=ADVANCED_FACE('',(#1441),#1435,.F.);
#1443=CARTESIAN_POINT('',(1.839295657608E0,5.999999999999E-1,3.15E0));
#1444=DIRECTION('',(0.E0,1.E0,0.E0));
#1445=DIRECTION('',(-1.E0,0.E0,0.E0));
#1446=AXIS2_PLACEMENT_3D('',#1443,#1444,#1445);
#1447=PLANE('',#1446);
#1449=ORIENTED_EDGE('',*,*,#1448,.F.);
#1451=ORIENTED_EDGE('',*,*,#1450,.T.);
#1452=ORIENTED_EDGE('',*,*,#1054,.T.);
#1454=ORIENTED_EDGE('',*,*,#1453,.F.);
#1455=EDGE_LOOP('',(#1449,#1451,#1452,#1454));
#1456=FACE_OUTER_BOUND('',#1455,.F.);
#1457=ADVANCED_FACE('',(#1456),#1447,.F.);
#1458=CARTESIAN_POINT('',(4.865E0,-6.5E0,2.95E0));
#1459=DIRECTION('',(0.E0,0.E0,-1.E0));
#1460=DIRECTION('',(1.E0,0.E0,0.E0));
#1461=AXIS2_PLACEMENT_3D('',#1458,#1459,#1460);
#1462=PLANE('',#1461);
#1463=ORIENTED_EDGE('',*,*,#1448,.T.);
#1465=ORIENTED_EDGE('',*,*,#1464,.T.);
#1467=ORIENTED_EDGE('',*,*,#1466,.T.);
#1469=ORIENTED_EDGE('',*,*,#1468,.T.);
#1471=ORIENTED_EDGE('',*,*,#1470,.T.);
#1473=ORIENTED_EDGE('',*,*,#1472,.T.);
#1474=EDGE_LOOP('',(#1463,#1465,#1467,#1469,#1471,#1473));
#1475=FACE_OUTER_BOUND('',#1474,.F.);
#1476=ADVANCED_FACE('',(#1475),#1462,.F.);
#1477=CARTESIAN_POINT('',(2.327241721794E0,1.848852501482E-2,3.15E0));
#1478=DIRECTION('',(7.660444431190E-1,6.427876096865E-1,0.E0));
#1479=DIRECTION('',(-6.427876096865E-1,7.660444431190E-1,0.E0));
#1480=AXIS2_PLACEMENT_3D('',#1477,#1478,#1479);
#1481=PLANE('',#1480);
#1482=ORIENTED_EDGE('',*,*,#1464,.F.);
#1483=ORIENTED_EDGE('',*,*,#1453,.T.);
#1484=ORIENTED_EDGE('',*,*,#1064,.F.);
#1486=ORIENTED_EDGE('',*,*,#1485,.F.);
#1487=EDGE_LOOP('',(#1482,#1483,#1484,#1486));
#1488=FACE_OUTER_BOUND('',#1487,.F.);
#1489=ADVANCED_FACE('',(#1488),#1481,.F.);
#1490=CARTESIAN_POINT('',(1.590155800129E0,-6.000000000001E-1,3.15E0));
#1491=DIRECTION('',(6.427876096866E-1,-7.660444431189E-1,0.E0));
#1492=DIRECTION('',(7.660444431189E-1,6.427876096866E-1,0.E0));
#1493=AXIS2_PLACEMENT_3D('',#1490,#1491,#1492);
#1494=PLANE('',#1493);
#1495=ORIENTED_EDGE('',*,*,#1466,.F.);
#1496=ORIENTED_EDGE('',*,*,#1485,.T.);
#1497=ORIENTED_EDGE('',*,*,#1062,.F.);
#1499=ORIENTED_EDGE('',*,*,#1498,.F.);
#1500=EDGE_LOOP('',(#1495,#1496,#1497,#1499));
#1501=FACE_OUTER_BOUND('',#1500,.F.);
#1502=ADVANCED_FACE('',(#1501),#1494,.F.);
#1503=CARTESIAN_POINT('',(-1.839295657608E0,-6.000000000001E-1,3.15E0));
#1504=DIRECTION('',(0.E0,-1.E0,0.E0));
#1505=DIRECTION('',(1.E0,0.E0,0.E0));
#1506=AXIS2_PLACEMENT_3D('',#1503,#1504,#1505);
#1507=PLANE('',#1506);
#1508=ORIENTED_EDGE('',*,*,#1468,.F.);
#1509=ORIENTED_EDGE('',*,*,#1498,.T.);
#1510=ORIENTED_EDGE('',*,*,#1060,.T.);
#1512=ORIENTED_EDGE('',*,*,#1511,.F.);
#1513=EDGE_LOOP('',(#1508,#1509,#1510,#1512));
#1514=FACE_OUTER_BOUND('',#1513,.F.);
#1515=ADVANCED_FACE('',(#1514),#1507,.F.);
#1516=CARTESIAN_POINT('',(-2.327241721793E0,-1.848852501493E-2,3.15E0));
#1517=DIRECTION('',(-7.660444431189E-1,-6.427876096866E-1,0.E0));
#1518=DIRECTION('',(6.427876096866E-1,-7.660444431189E-1,0.E0));
#1519=AXIS2_PLACEMENT_3D('',#1516,#1517,#1518);
#1520=PLANE('',#1519);
#1521=ORIENTED_EDGE('',*,*,#1470,.F.);
#1522=ORIENTED_EDGE('',*,*,#1511,.T.);
#1523=ORIENTED_EDGE('',*,*,#1058,.F.);
#1525=ORIENTED_EDGE('',*,*,#1524,.F.);
#1526=EDGE_LOOP('',(#1521,#1522,#1523,#1525));
#1527=FACE_OUTER_BOUND('',#1526,.F.);
#1528=ADVANCED_FACE('',(#1527),#1520,.F.);
#1529=CARTESIAN_POINT('',(-1.590155800129E0,5.999999999999E-1,3.15E0));
#1530=DIRECTION('',(-6.427876096865E-1,7.660444431190E-1,0.E0));
#1531=DIRECTION('',(-7.660444431190E-1,-6.427876096865E-1,0.E0));
#1532=AXIS2_PLACEMENT_3D('',#1529,#1530,#1531);
#1533=PLANE('',#1532);
#1534=ORIENTED_EDGE('',*,*,#1472,.F.);
#1535=ORIENTED_EDGE('',*,*,#1524,.T.);
#1536=ORIENTED_EDGE('',*,*,#1056,.F.);
#1537=ORIENTED_EDGE('',*,*,#1450,.F.);
#1538=EDGE_LOOP('',(#1534,#1535,#1536,#1537));
#1539=FACE_OUTER_BOUND('',#1538,.F.);
#1540=ADVANCED_FACE('',(#1539),#1533,.F.);
#1541=CARTESIAN_POINT('',(1.063456942491E0,-3.8E0,3.15E0));
#1542=DIRECTION('',(0.E0,1.E0,0.E0));
#1543=DIRECTION('',(-1.E0,0.E0,0.E0));
#1544=AXIS2_PLACEMENT_3D('',#1541,#1542,#1543);
#1545=PLANE('',#1544);
#1547=ORIENTED_EDGE('',*,*,#1546,.F.);
#1549=ORIENTED_EDGE('',*,*,#1548,.T.);
#1550=ORIENTED_EDGE('',*,*,#1068,.T.);
#1552=ORIENTED_EDGE('',*,*,#1551,.F.);
#1553=EDGE_LOOP('',(#1547,#1549,#1550,#1552));
#1554=FACE_OUTER_BOUND('',#1553,.F.);
#1555=ADVANCED_FACE('',(#1554),#1545,.F.);
#1556=CARTESIAN_POINT('',(4.865E0,-6.5E0,2.95E0));
#1557=DIRECTION('',(0.E0,0.E0,-1.E0));
#1558=DIRECTION('',(1.E0,0.E0,0.E0));
#1559=AXIS2_PLACEMENT_3D('',#1556,#1557,#1558);
#1560=PLANE('',#1559);
#1562=ORIENTED_EDGE('',*,*,#1561,.T.);
#1564=ORIENTED_EDGE('',*,*,#1563,.T.);
#1566=ORIENTED_EDGE('',*,*,#1565,.T.);
#1567=ORIENTED_EDGE('',*,*,#1546,.T.);
#1569=ORIENTED_EDGE('',*,*,#1568,.T.);
#1571=ORIENTED_EDGE('',*,*,#1570,.T.);
#1572=EDGE_LOOP('',(#1562,#1564,#1566,#1567,#1569,#1571));
#1573=FACE_OUTER_BOUND('',#1572,.F.);
#1574=ADVANCED_FACE('',(#1573),#1560,.F.);
#1575=CARTESIAN_POINT('',(-3.006756559525E0,-5.E0,3.15E0));
#1576=DIRECTION('',(0.E0,-1.E0,0.E0));
#1577=DIRECTION('',(1.E0,0.E0,0.E0));
#1578=AXIS2_PLACEMENT_3D('',#1575,#1576,#1577);
#1579=PLANE('',#1578);
#1580=ORIENTED_EDGE('',*,*,#1561,.F.);
#1582=ORIENTED_EDGE('',*,*,#1581,.T.);
#1583=ORIENTED_EDGE('',*,*,#1074,.T.);
#1585=ORIENTED_EDGE('',*,*,#1584,.F.);
#1586=EDGE_LOOP('',(#1580,#1582,#1583,#1585));
#1587=FACE_OUTER_BOUND('',#1586,.F.);
#1588=ADVANCED_FACE('',(#1587),#1579,.F.);
#1589=CARTESIAN_POINT('',(1.281034233070E0,-5.E0,3.15E0));
#1590=DIRECTION('',(6.427876096864E-1,-7.660444431191E-1,0.E0));
#1591=DIRECTION('',(7.660444431191E-1,6.427876096864E-1,0.E0));
#1592=AXIS2_PLACEMENT_3D('',#1589,#1590,#1591);
#1593=PLANE('',#1592);
#1594=ORIENTED_EDGE('',*,*,#1570,.F.);
#1596=ORIENTED_EDGE('',*,*,#1595,.T.);
#1597=ORIENTED_EDGE('',*,*,#1076,.F.);
#1598=ORIENTED_EDGE('',*,*,#1581,.F.);
#1599=EDGE_LOOP('',(#1594,#1596,#1597,#1598));
#1600=FACE_OUTER_BOUND('',#1599,.F.);
#1601=ADVANCED_FACE('',(#1600),#1593,.F.);
#1602=CARTESIAN_POINT('',(1.744239289582E0,-4.611324807921E0,3.15E0));
#1603=DIRECTION('',(7.660444431190E-1,6.427876096865E-1,0.E0));
#1604=DIRECTION('',(-6.427876096865E-1,7.660444431190E-1,0.E0));
#1605=AXIS2_PLACEMENT_3D('',#1602,#1603,#1604);
#1606=PLANE('',#1605);
#1607=ORIENTED_EDGE('',*,*,#1568,.F.);
#1608=ORIENTED_EDGE('',*,*,#1551,.T.);
#1609=ORIENTED_EDGE('',*,*,#1078,.F.);
#1610=ORIENTED_EDGE('',*,*,#1595,.F.);
#1611=EDGE_LOOP('',(#1607,#1608,#1609,#1610));
#1612=FACE_OUTER_BOUND('',#1611,.F.);
#1613=ADVANCED_FACE('',(#1612),#1606,.F.);
#1614=CARTESIAN_POINT('',(-3.332893769846E0,-4.611324807921E0,3.15E0));
#1615=DIRECTION('',(-7.660444431188E-1,-6.427876096867E-1,0.E0));
#1616=DIRECTION('',(6.427876096867E-1,-7.660444431188E-1,0.E0));
#1617=AXIS2_PLACEMENT_3D('',#1614,#1615,#1616);
#1618=PLANE('',#1617);
#1619=ORIENTED_EDGE('',*,*,#1563,.F.);
#1620=ORIENTED_EDGE('',*,*,#1584,.T.);
#1621=ORIENTED_EDGE('',*,*,#1072,.F.);
#1623=ORIENTED_EDGE('',*,*,#1622,.F.);
#1624=EDGE_LOOP('',(#1619,#1620,#1621,#1623));
#1625=FACE_OUTER_BOUND('',#1624,.F.);
#1626=ADVANCED_FACE('',(#1625),#1618,.F.);
#1627=CARTESIAN_POINT('',(-2.365994515246E0,-3.8E0,3.15E0));
#1628=DIRECTION('',(-6.427876096865E-1,7.660444431190E-1,0.E0));
#1629=DIRECTION('',(-7.660444431190E-1,-6.427876096865E-1,0.E0));
#1630=AXIS2_PLACEMENT_3D('',#1627,#1628,#1629);
#1631=PLANE('',#1630);
#1632=ORIENTED_EDGE('',*,*,#1565,.F.);
#1633=ORIENTED_EDGE('',*,*,#1622,.T.);
#1634=ORIENTED_EDGE('',*,*,#1070,.F.);
#1635=ORIENTED_EDGE('',*,*,#1548,.F.);
#1636=EDGE_LOOP('',(#1632,#1633,#1634,#1635));
#1637=FACE_OUTER_BOUND('',#1636,.F.);
#1638=ADVANCED_FACE('',(#1637),#1631,.F.);
#1639=CARTESIAN_POINT('',(-3.294140976394E0,-8.298133329357E-1,3.15E0));
#1640=DIRECTION('',(-9.848077530122E-1,1.736481776669E-1,0.E0));
#1641=DIRECTION('',(-1.736481776669E-1,-9.848077530122E-1,0.E0));
#1642=AXIS2_PLACEMENT_3D('',#1639,#1640,#1641);
#1643=PLANE('',#1642);
#1645=ORIENTED_EDGE('',*,*,#1644,.F.);
#1647=ORIENTED_EDGE('',*,*,#1646,.T.);
#1648=ORIENTED_EDGE('',*,*,#1082,.F.);
#1650=ORIENTED_EDGE('',*,*,#1649,.F.);
#1651=EDGE_LOOP('',(#1645,#1647,#1648,#1650));
#1652=FACE_OUTER_BOUND('',#1651,.F.);
#1653=ADVANCED_FACE('',(#1652),#1643,.F.);
#1654=CARTESIAN_POINT('',(4.865E0,-6.5E0,2.95E0));
#1655=DIRECTION('',(0.E0,0.E0,-1.E0));
#1656=DIRECTION('',(1.E0,0.E0,0.E0));
#1657=AXIS2_PLACEMENT_3D('',#1654,#1655,#1656);
#1658=PLANE('',#1657);
#1660=ORIENTED_EDGE('',*,*,#1659,.T.);
#1662=ORIENTED_EDGE('',*,*,#1661,.T.);
#1663=ORIENTED_EDGE('',*,*,#1644,.T.);
#1665=ORIENTED_EDGE('',*,*,#1664,.T.);
#1667=ORIENTED_EDGE('',*,*,#1666,.T.);
#1669=ORIENTED_EDGE('',*,*,#1668,.T.);
#1670=EDGE_LOOP('',(#1660,#1662,#1663,#1665,#1667,#1669));
#1671=FACE_OUTER_BOUND('',#1670,.F.);
#1672=ADVANCED_FACE('',(#1671),#1658,.F.);
#1673=CARTESIAN_POINT('',(-3.525730052752E0,-4.381511474985E0,3.15E0));
#1674=DIRECTION('',(6.427876096865E-1,-7.660444431190E-1,0.E0));
#1675=DIRECTION('',(7.660444431190E-1,6.427876096865E-1,0.E0));
#1676=AXIS2_PLACEMENT_3D('',#1673,#1674,#1675);
#1677=PLANE('',#1676);
#1678=ORIENTED_EDGE('',*,*,#1659,.F.);
#1680=ORIENTED_EDGE('',*,*,#1679,.T.);
#1681=ORIENTED_EDGE('',*,*,#1086,.F.);
#1683=ORIENTED_EDGE('',*,*,#1682,.F.);
#1684=EDGE_LOOP('',(#1678,#1680,#1681,#1683));
#1685=FACE_OUTER_BOUND('',#1684,.F.);
#1686=ADVANCED_FACE('',(#1685),#1677,.F.);
#1687=CARTESIAN_POINT('',(-2.558830798152E0,-3.570186667064E0,3.15E0));
#1688=DIRECTION('',(9.848077530122E-1,-1.736481776669E-1,0.E0));
#1689=DIRECTION('',(1.736481776669E-1,9.848077530122E-1,0.E0));
#1690=AXIS2_PLACEMENT_3D('',#1687,#1688,#1689);
#1691=PLANE('',#1690);
#1692=ORIENTED_EDGE('',*,*,#1668,.F.);
#1694=ORIENTED_EDGE('',*,*,#1693,.T.);
#1695=ORIENTED_EDGE('',*,*,#1088,.F.);
#1696=ORIENTED_EDGE('',*,*,#1679,.F.);
#1697=EDGE_LOOP('',(#1692,#1694,#1695,#1696));
#1698=FACE_OUTER_BOUND('',#1697,.F.);
#1699=ADVANCED_FACE('',(#1698),#1691,.F.);
#1700=CARTESIAN_POINT('',(-2.069108990544E0,-7.928362829060E-1,3.15E0));
#1701=DIRECTION('',(7.660444431189E-1,6.427876096866E-1,0.E0));
#1702=DIRECTION('',(-6.427876096866E-1,7.660444431189E-1,0.E0));
#1703=AXIS2_PLACEMENT_3D('',#1700,#1701,#1702);
#1704=PLANE('',#1703);
#1705=ORIENTED_EDGE('',*,*,#1666,.F.);
#1707=ORIENTED_EDGE('',*,*,#1706,.T.);
#1708=ORIENTED_EDGE('',*,*,#1090,.F.);
#1709=ORIENTED_EDGE('',*,*,#1693,.F.);
#1710=EDGE_LOOP('',(#1705,#1707,#1708,#1709));
#1711=FACE_OUTER_BOUND('',#1710,.F.);
#1712=ADVANCED_FACE('',(#1711),#1704,.F.);
#1713=CARTESIAN_POINT('',(-2.557055054729E0,-2.113248079208E-1,3.15E0));
#1714=DIRECTION('',(-6.427876096865E-1,7.660444431190E-1,0.E0));
#1715=DIRECTION('',(-7.660444431190E-1,-6.427876096865E-1,0.E0));
#1716=AXIS2_PLACEMENT_3D('',#1713,#1714,#1715);
#1717=PLANE('',#1716);
#1718=ORIENTED_EDGE('',*,*,#1664,.F.);
#1719=ORIENTED_EDGE('',*,*,#1649,.T.);
#1720=ORIENTED_EDGE('',*,*,#1092,.F.);
#1721=ORIENTED_EDGE('',*,*,#1706,.F.);
#1722=EDGE_LOOP('',(#1718,#1719,#1720,#1721));
#1723=FACE_OUTER_BOUND('',#1722,.F.);
#1724=ADVANCED_FACE('',(#1723),#1717,.F.);
#1725=CARTESIAN_POINT('',(-3.851867263074E0,-3.992836282906E0,3.15E0));
#1726=DIRECTION('',(-7.660444431188E-1,-6.427876096868E-1,0.E0));
#1727=DIRECTION('',(6.427876096868E-1,-7.660444431188E-1,0.E0));
#1728=AXIS2_PLACEMENT_3D('',#1725,#1726,#1727);
#1729=PLANE('',#1728);
#1730=ORIENTED_EDGE('',*,*,#1661,.F.);
#1731=ORIENTED_EDGE('',*,*,#1682,.T.);
#1732=ORIENTED_EDGE('',*,*,#1084,.F.);
#1733=ORIENTED_EDGE('',*,*,#1646,.F.);
#1734=EDGE_LOOP('',(#1730,#1731,#1732,#1733));
#1735=FACE_OUTER_BOUND('',#1734,.F.);
#1736=ADVANCED_FACE('',(#1735),#1729,.F.);
#1737=CARTESIAN_POINT('',(-2.437257679030E0,4.029813332936E0,3.15E0));
#1738=DIRECTION('',(-9.848077530122E-1,1.736481776669E-1,0.E0));
#1739=DIRECTION('',(-1.736481776669E-1,-9.848077530122E-1,0.E0));
#1740=AXIS2_PLACEMENT_3D('',#1737,#1738,#1739);
#1741=PLANE('',#1740);
#1743=ORIENTED_EDGE('',*,*,#1742,.F.);
#1745=ORIENTED_EDGE('',*,*,#1744,.T.);
#1746=ORIENTED_EDGE('',*,*,#1096,.F.);
#1748=ORIENTED_EDGE('',*,*,#1747,.F.);
#1749=EDGE_LOOP('',(#1743,#1745,#1746,#1748));
#1750=FACE_OUTER_BOUND('',#1749,.F.);
#1751=ADVANCED_FACE('',(#1750),#1741,.F.);
#1752=CARTESIAN_POINT('',(4.865E0,-6.5E0,2.95E0));
#1753=DIRECTION('',(0.E0,0.E0,-1.E0));
#1754=DIRECTION('',(1.E0,0.E0,0.E0));
#1755=AXIS2_PLACEMENT_3D('',#1752,#1753,#1754);
#1756=PLANE('',#1755);
#1758=ORIENTED_EDGE('',*,*,#1757,.T.);
#1760=ORIENTED_EDGE('',*,*,#1759,.T.);
#1761=ORIENTED_EDGE('',*,*,#1742,.T.);
#1763=ORIENTED_EDGE('',*,*,#1762,.T.);
#1765=ORIENTED_EDGE('',*,*,#1764,.T.);
#1767=ORIENTED_EDGE('',*,*,#1766,.T.);
#1768=EDGE_LOOP('',(#1758,#1760,#1761,#1763,#1765,#1767));
#1769=FACE_OUTER_BOUND('',#1768,.F.);
#1770=ADVANCED_FACE('',(#1769),#1756,.F.);
#1771=CARTESIAN_POINT('',(-2.520078004699E0,2.113248079208E-1,3.15E0));
#1772=DIRECTION('',(6.427876096865E-1,-7.660444431190E-1,0.E0));
#1773=DIRECTION('',(7.660444431190E-1,6.427876096865E-1,0.E0));
#1774=AXIS2_PLACEMENT_3D('',#1771,#1772,#1773);
#1775=PLANE('',#1774);
#1776=ORIENTED_EDGE('',*,*,#1757,.F.);
#1778=ORIENTED_EDGE('',*,*,#1777,.T.);
#1779=ORIENTED_EDGE('',*,*,#1100,.F.);
#1781=ORIENTED_EDGE('',*,*,#1780,.F.);
#1782=EDGE_LOOP('',(#1776,#1778,#1779,#1781));
#1783=FACE_OUTER_BOUND('',#1782,.F.);
#1784=ADVANCED_FACE('',(#1783),#1775,.F.);
#1785=CARTESIAN_POINT('',(-1.782992083035E0,8.298133329357E-1,3.15E0));
#1786=DIRECTION('',(9.848077530122E-1,-1.736481776669E-1,0.E0));
#1787=DIRECTION('',(1.736481776669E-1,9.848077530122E-1,0.E0));
#1788=AXIS2_PLACEMENT_3D('',#1785,#1786,#1787);
#1789=PLANE('',#1788);
#1790=ORIENTED_EDGE('',*,*,#1766,.F.);
#1792=ORIENTED_EDGE('',*,*,#1791,.T.);
#1793=ORIENTED_EDGE('',*,*,#1102,.F.);
#1794=ORIENTED_EDGE('',*,*,#1777,.F.);
#1795=EDGE_LOOP('',(#1790,#1792,#1793,#1794));
#1796=FACE_OUTER_BOUND('',#1795,.F.);
#1797=ADVANCED_FACE('',(#1796),#1789,.F.);
#1798=CARTESIAN_POINT('',(-1.293270275426E0,3.607163717094E0,3.15E0));
#1799=DIRECTION('',(7.660444431190E-1,6.427876096865E-1,0.E0));
#1800=DIRECTION('',(-6.427876096865E-1,7.660444431190E-1,0.E0));
#1801=AXIS2_PLACEMENT_3D('',#1798,#1799,#1800);
#1802=PLANE('',#1801);
#1803=ORIENTED_EDGE('',*,*,#1764,.F.);
#1805=ORIENTED_EDGE('',*,*,#1804,.T.);
#1806=ORIENTED_EDGE('',*,*,#1104,.F.);
#1807=ORIENTED_EDGE('',*,*,#1791,.F.);
#1808=EDGE_LOOP('',(#1803,#1805,#1806,#1807));
#1809=FACE_OUTER_BOUND('',#1808,.F.);
#1810=ADVANCED_FACE('',(#1809),#1802,.F.);
#1811=CARTESIAN_POINT('',(-1.974052622518E0,4.418488525015E0,3.15E0));
#1812=DIRECTION('',(-6.427876096865E-1,7.660444431190E-1,0.E0));
#1813=DIRECTION('',(-7.660444431190E-1,-6.427876096865E-1,0.E0));
#1814=AXIS2_PLACEMENT_3D('',#1811,#1812,#1813);
#1815=PLANE('',#1814);
#1816=ORIENTED_EDGE('',*,*,#1762,.F.);
#1817=ORIENTED_EDGE('',*,*,#1747,.T.);
#1818=ORIENTED_EDGE('',*,*,#1106,.F.);
#1819=ORIENTED_EDGE('',*,*,#1804,.F.);
#1820=EDGE_LOOP('',(#1816,#1817,#1818,#1819));
#1821=FACE_OUTER_BOUND('',#1820,.F.);
#1822=ADVANCED_FACE('',(#1821),#1815,.F.);
#1823=CARTESIAN_POINT('',(-3.008024068885E0,7.928362829059E-1,3.15E0));
#1824=DIRECTION('',(-7.660444431190E-1,-6.427876096865E-1,0.E0));
#1825=DIRECTION('',(6.427876096865E-1,-7.660444431190E-1,0.E0));
#1826=AXIS2_PLACEMENT_3D('',#1823,#1824,#1825);
#1827=PLANE('',#1826);
#1828=ORIENTED_EDGE('',*,*,#1759,.F.);
#1829=ORIENTED_EDGE('',*,*,#1780,.T.);
#1830=ORIENTED_EDGE('',*,*,#1098,.F.);
#1831=ORIENTED_EDGE('',*,*,#1744,.F.);
#1832=EDGE_LOOP('',(#1828,#1829,#1830,#1831));
#1833=FACE_OUTER_BOUND('',#1832,.F.);
#1834=ADVANCED_FACE('',(#1833),#1827,.F.);
#1835=CARTESIAN_POINT('',(5.000000000001E-1,2.25E0,1.85E0));
#1836=DIRECTION('',(0.E0,0.E0,-1.E0));
#1837=DIRECTION('',(1.E0,0.E0,0.E0));
#1838=AXIS2_PLACEMENT_3D('',#1835,#1836,#1837);
#1839=CYLINDRICAL_SURFACE('',#1838,4.5E-1);
#1841=ORIENTED_EDGE('',*,*,#1840,.F.);
#1843=ORIENTED_EDGE('',*,*,#1842,.T.);
#1845=ORIENTED_EDGE('',*,*,#1844,.T.);
#1847=ORIENTED_EDGE('',*,*,#1846,.F.);
#1848=ORIENTED_EDGE('',*,*,#926,.F.);
#1849=EDGE_LOOP('',(#1841,#1843,#1845,#1847,#1848));
#1850=FACE_OUTER_BOUND('',#1849,.F.);
#1851=ADVANCED_FACE('',(#1850),#1839,.T.);
#1852=CARTESIAN_POINT('',(5.000000000001E-1,2.25E0,1.85E0));
#1853=DIRECTION('',(0.E0,0.E0,-1.E0));
#1854=DIRECTION('',(1.E0,0.E0,0.E0));
#1855=AXIS2_PLACEMENT_3D('',#1852,#1853,#1854);
#1856=CYLINDRICAL_SURFACE('',#1855,4.5E-1);
#1857=ORIENTED_EDGE('',*,*,#1846,.T.);
#1859=ORIENTED_EDGE('',*,*,#1858,.T.);
#1860=ORIENTED_EDGE('',*,*,#1842,.F.);
#1861=ORIENTED_EDGE('',*,*,#1840,.T.);
#1862=ORIENTED_EDGE('',*,*,#928,.F.);
#1863=EDGE_LOOP('',(#1857,#1859,#1860,#1861,#1862));
#1864=FACE_OUTER_BOUND('',#1863,.F.);
#1865=ADVANCED_FACE('',(#1864),#1856,.T.);
#1866=CARTESIAN_POINT('',(-4.865E0,6.5E0,-7.38E-1));
#1867=DIRECTION('',(0.E0,0.E0,-1.E0));
#1868=DIRECTION('',(-1.E0,0.E0,0.E0));
#1869=AXIS2_PLACEMENT_3D('',#1866,#1867,#1868);
#1870=PLANE('',#1869);
#1871=ORIENTED_EDGE('',*,*,#1844,.F.);
#1872=ORIENTED_EDGE('',*,*,#1858,.F.);
#1873=EDGE_LOOP('',(#1871,#1872));
#1874=FACE_OUTER_BOUND('',#1873,.F.);
#1875=ADVANCED_FACE('',(#1874),#1870,.T.);
#1876=CARTESIAN_POINT('',(-4.865E0,6.5E0,-7.38E-1));
#1877=DIRECTION('',(0.E0,0.E0,-1.E0));
#1878=DIRECTION('',(-1.E0,0.E0,0.E0));
#1879=AXIS2_PLACEMENT_3D('',#1876,#1877,#1878);
#1880=PLANE('',#1879);
#1882=ORIENTED_EDGE('',*,*,#1881,.F.);
#1884=ORIENTED_EDGE('',*,*,#1883,.F.);
#1885=EDGE_LOOP('',(#1882,#1884));
#1886=FACE_OUTER_BOUND('',#1885,.F.);
#1887=ADVANCED_FACE('',(#1886),#1880,.T.);
#1888=CARTESIAN_POINT('',(-4.999999999999E-1,-2.25E0,-5.7E-1));
#1889=DIRECTION('',(0.E0,0.E0,-1.E0));
#1890=DIRECTION('',(-1.E0,0.E0,0.E0));
#1891=AXIS2_PLACEMENT_3D('',#1888,#1889,#1890);
#1892=CYLINDRICAL_SURFACE('',#1891,5.5E-1);
#1894=ORIENTED_EDGE('',*,*,#1893,.F.);
#1896=ORIENTED_EDGE('',*,*,#1895,.T.);
#1897=ORIENTED_EDGE('',*,*,#1881,.T.);
#1899=ORIENTED_EDGE('',*,*,#1898,.F.);
#1900=EDGE_LOOP('',(#1894,#1896,#1897,#1899));
#1901=FACE_OUTER_BOUND('',#1900,.F.);
#1902=ADVANCED_FACE('',(#1901),#1892,.T.);
#1903=CARTESIAN_POINT('',(-4.865E0,6.5E0,-5.7E-1));
#1904=DIRECTION('',(0.E0,0.E0,-1.E0));
#1905=DIRECTION('',(-1.E0,0.E0,0.E0));
#1906=AXIS2_PLACEMENT_3D('',#1903,#1904,#1905);
#1907=PLANE('',#1906);
#1908=ORIENTED_EDGE('',*,*,#1893,.T.);
#1910=ORIENTED_EDGE('',*,*,#1909,.T.);
#1911=EDGE_LOOP('',(#1908,#1910));
#1912=FACE_OUTER_BOUND('',#1911,.F.);
#1914=ORIENTED_EDGE('',*,*,#1913,.F.);
#1916=ORIENTED_EDGE('',*,*,#1915,.F.);
#1917=EDGE_LOOP('',(#1914,#1916));
#1918=FACE_BOUND('',#1917,.F.);
#1919=ADVANCED_FACE('',(#1912,#1918),#1907,.F.);
#1920=CARTESIAN_POINT('',(-4.999999999999E-1,-2.25E0,-5.7E-1));
#1921=DIRECTION('',(0.E0,0.E0,-1.E0));
#1922=DIRECTION('',(-1.E0,0.E0,0.E0));
#1923=AXIS2_PLACEMENT_3D('',#1920,#1921,#1922);
#1924=CYLINDRICAL_SURFACE('',#1923,5.5E-1);
#1925=ORIENTED_EDGE('',*,*,#1909,.F.);
#1926=ORIENTED_EDGE('',*,*,#1898,.T.);
#1927=ORIENTED_EDGE('',*,*,#1883,.T.);
#1928=ORIENTED_EDGE('',*,*,#1895,.F.);
#1929=EDGE_LOOP('',(#1925,#1926,#1927,#1928));
#1930=FACE_OUTER_BOUND('',#1929,.F.);
#1931=ADVANCED_FACE('',(#1930),#1924,.T.);
#1932=CARTESIAN_POINT('',(-4.999999999999E-1,-2.25E0,-4.7E-1));
#1933=DIRECTION('',(0.E0,0.E0,-1.E0));
#1934=DIRECTION('',(1.E0,5.807795309405E-9,0.E0));
#1935=AXIS2_PLACEMENT_3D('',#1932,#1933,#1934);
#1936=SPHERICAL_SURFACE('',#1935,5.5E-1);
#1937=ORIENTED_EDGE('',*,*,#1913,.T.);
#1939=ORIENTED_EDGE('',*,*,#1938,.F.);
#1941=ORIENTED_EDGE('',*,*,#1940,.T.);
#1943=ORIENTED_EDGE('',*,*,#1942,.T.);
#1944=EDGE_LOOP('',(#1937,#1939,#1941,#1943));
#1945=FACE_OUTER_BOUND('',#1944,.F.);
#1946=ADVANCED_FACE('',(#1945),#1936,.T.);
#1947=CARTESIAN_POINT('',(-4.999999999998E-1,-2.25E0,-4.7E-1));
#1948=DIRECTION('',(0.E0,0.E0,-1.E0));
#1949=DIRECTION('',(-1.E0,-5.807795087355E-9,0.E0));
#1950=AXIS2_PLACEMENT_3D('',#1947,#1948,#1949);
#1951=SPHERICAL_SURFACE('',#1950,5.5E-1);
#1952=ORIENTED_EDGE('',*,*,#1915,.T.);
#1953=ORIENTED_EDGE('',*,*,#1942,.F.);
#1955=ORIENTED_EDGE('',*,*,#1954,.T.);
#1956=ORIENTED_EDGE('',*,*,#1938,.T.);
#1957=EDGE_LOOP('',(#1952,#1953,#1955,#1956));
#1958=FACE_OUTER_BOUND('',#1957,.F.);
#1959=ADVANCED_FACE('',(#1958),#1951,.T.);
#1960=CARTESIAN_POINT('',(-4.999999999999E-1,-2.25E0,1.85E0));
#1961=DIRECTION('',(0.E0,0.E0,-1.E0));
#1962=DIRECTION('',(1.E0,0.E0,0.E0));
#1963=AXIS2_PLACEMENT_3D('',#1960,#1961,#1962);
#1964=CYLINDRICAL_SURFACE('',#1963,5.5E-1);
#1965=ORIENTED_EDGE('',*,*,#932,.F.);
#1967=ORIENTED_EDGE('',*,*,#1966,.F.);
#1968=ORIENTED_EDGE('',*,*,#1954,.F.);
#1970=ORIENTED_EDGE('',*,*,#1969,.T.);
#1971=EDGE_LOOP('',(#1965,#1967,#1968,#1970));
#1972=FACE_OUTER_BOUND('',#1971,.F.);
#1973=ADVANCED_FACE('',(#1972),#1964,.T.);
#1974=CARTESIAN_POINT('',(-4.999999999999E-1,-2.25E0,1.85E0));
#1975=DIRECTION('',(0.E0,0.E0,-1.E0));
#1976=DIRECTION('',(1.E0,0.E0,0.E0));
#1977=AXIS2_PLACEMENT_3D('',#1974,#1975,#1976);
#1978=CYLINDRICAL_SURFACE('',#1977,5.5E-1);
#1979=ORIENTED_EDGE('',*,*,#934,.F.);
#1980=ORIENTED_EDGE('',*,*,#1969,.F.);
#1981=ORIENTED_EDGE('',*,*,#1940,.F.);
#1982=ORIENTED_EDGE('',*,*,#1966,.T.);
#1983=EDGE_LOOP('',(#1979,#1980,#1981,#1982));
#1984=FACE_OUTER_BOUND('',#1983,.F.);
#1985=ADVANCED_FACE('',(#1984),#1978,.T.);
#1986=CLOSED_SHELL('',(#938,#953,#967,#981,#994,#1110,#1125,#1136,#1148,#1163,
#1182,#1195,#1208,#1221,#1234,#1246,#1261,#1280,#1294,#1306,#1319,#1332,#1344,
#1359,#1378,#1391,#1404,#1417,#1430,#1442,#1457,#1476,#1489,#1502,#1515,#1528,
#1540,#1555,#1574,#1588,#1601,#1613,#1626,#1638,#1653,#1672,#1686,#1699,#1712,
#1724,#1736,#1751,#1770,#1784,#1797,#1810,#1822,#1834,#1851,#1865,#1875,#1887,
#1902,#1919,#1931,#1946,#1959,#1973,#1985));
#1987=MANIFOLD_SOLID_BREP('',#1986);
#1988=(LENGTH_UNIT()NAMED_UNIT(*)SI_UNIT(.MILLI.,.METRE.));
#1989=DIMENSIONAL_EXPONENTS(0.E0,0.E0,0.E0,0.E0,0.E0,0.E0,0.E0);
#1990=(NAMED_UNIT(*)PLANE_ANGLE_UNIT()SI_UNIT($,.RADIAN.));
#1991=PLANE_ANGLE_MEASURE_WITH_UNIT(PLANE_ANGLE_MEASURE(1.745329251994E-2),
#1990);
#1992=(CONVERSION_BASED_UNIT('DEGREE',#1991)NAMED_UNIT(#1989)PLANE_ANGLE_UNIT(
));
#1993=(NAMED_UNIT(*)SI_UNIT($,.STERADIAN.)SOLID_ANGLE_UNIT());
#1994=UNCERTAINTY_MEASURE_WITH_UNIT(LENGTH_MEASURE(1.676422725644E-3),#1988,
'closure',
'Maximum model space distance between geometric entities at asserted connectivities');
#1995=(GEOMETRIC_REPRESENTATION_CONTEXT(3)GLOBAL_UNCERTAINTY_ASSIGNED_CONTEXT((
#1994))GLOBAL_UNIT_ASSIGNED_CONTEXT((#1988,#1992,#1993))REPRESENTATION_CONTEXT(
'ID1','3'));
#1996=CARTESIAN_POINT('',(0.E0,0.E0,0.E0));
#1997=DIRECTION('',(0.E0,0.E0,1.E0));
#1998=DIRECTION('',(1.E0,0.E0,0.E0));
#2001=APPLICATION_CONTEXT(
'CONFIGURATION CONTROLLED 3D DESIGNS OF MECHANICAL PARTS AND ASSEMBLIES');
#2002=APPLICATION_PROTOCOL_DEFINITION('international standard',
'config_control_design',1994,#2001);
#2003=DESIGN_CONTEXT('',#2001,'design');
#2004=MECHANICAL_CONTEXT('',#2001,'mechanical');
#2005=PRODUCT('4812REF_2','4812REF_2','NOT SPECIFIED',(#2004));
#2006=PRODUCT_DEFINITION_FORMATION_WITH_SPECIFIED_SOURCE('2','LAST_VERSION',
#2005,.MADE.);
#2015=CARTESIAN_POINT('',(0.E0,0.E0,0.E0));
#2016=DIRECTION('',(0.E0,0.E0,1.E0));
#2017=DIRECTION('',(1.E0,0.E0,0.E0));
#2018=AXIS2_PLACEMENT_3D('',#2015,#2016,#2017);
#2019=ITEM_DEFINED_TRANSFORMATION('','',#1999,#2018);
#2020=(REPRESENTATION_RELATIONSHIP('','',#2000,#2012)REPRESENTATION_RELATIONSHIP_WITH_TRANSFORMATION(#2019)SHAPE_REPRESENTATION_RELATIONSHIP());
#2021=CONTEXT_DEPENDENT_SHAPE_REPRESENTATION(#2020,#2014);
#2022=CARTESIAN_POINT('',(1.180637530230E3,2.562200679082E2,0.E0));
#2023=DIRECTION('',(0.E0,0.E0,-1.E0));
#2024=DIRECTION('',(1.E0,0.E0,0.E0));
#2025=AXIS2_PLACEMENT_3D('',#2022,#2023,#2024);
#2027=CARTESIAN_POINT('',(1.180637589230E3,2.412200379082E2,0.E0));
#2028=DIRECTION('',(0.E0,0.E0,-1.E0));
#2029=DIRECTION('',(-1.E0,0.E0,0.E0));
#2030=AXIS2_PLACEMENT_3D('',#2027,#2028,#2029);
#2032=CARTESIAN_POINT('',(1.182537589230E3,2.412200379082E2,0.E0));
#2033=DIRECTION('',(0.E0,0.E0,-1.E0));
#2034=DIRECTION('',(-1.E0,0.E0,0.E0));
#2035=AXIS2_PLACEMENT_3D('',#2032,#2033,#2034);
#2037=CARTESIAN_POINT('',(1.184437589230E3,2.412200379082E2,0.E0));
#2038=DIRECTION('',(0.E0,0.E0,-1.E0));
#2039=DIRECTION('',(-1.E0,0.E0,0.E0));
#2040=AXIS2_PLACEMENT_3D('',#2037,#2038,#2039);
#2042=CARTESIAN_POINT('',(1.186337589230E3,2.412200379082E2,0.E0));
#2043=DIRECTION('',(0.E0,0.E0,-1.E0));
#2044=DIRECTION('',(-1.E0,0.E0,0.E0));
#2045=AXIS2_PLACEMENT_3D('',#2042,#2043,#2044);
#2047=CARTESIAN_POINT('',(1.188237589230E3,2.412200379082E2,0.E0));
#2048=DIRECTION('',(0.E0,0.E0,-1.E0));
#2049=DIRECTION('',(-1.E0,0.E0,0.E0));
#2050=AXIS2_PLACEMENT_3D('',#2047,#2048,#2049);
#2052=CARTESIAN_POINT('',(1.188237530230E3,2.562200679082E2,0.E0));
#2053=DIRECTION('',(0.E0,0.E0,-1.E0));
#2054=DIRECTION('',(1.E0,0.E0,0.E0));
#2055=AXIS2_PLACEMENT_3D('',#2052,#2053,#2054);
#2057=CARTESIAN_POINT('',(1.186337530230E3,2.562200679082E2,0.E0));
#2058=DIRECTION('',(0.E0,0.E0,-1.E0));
#2059=DIRECTION('',(1.E0,0.E0,0.E0));
#2060=AXIS2_PLACEMENT_3D('',#2057,#2058,#2059);
#2062=CARTESIAN_POINT('',(1.184437530230E3,2.562200679082E2,0.E0));
#2063=DIRECTION('',(0.E0,0.E0,-1.E0));
#2064=DIRECTION('',(1.E0,0.E0,0.E0));
#2065=AXIS2_PLACEMENT_3D('',#2062,#2063,#2064);
#2067=CARTESIAN_POINT('',(1.182537530230E3,2.562200679082E2,0.E0));
#2068=DIRECTION('',(0.E0,0.E0,-1.E0));
#2069=DIRECTION('',(1.E0,0.E0,0.E0));
#2070=AXIS2_PLACEMENT_3D('',#2067,#2068,#2069);
#2072=CARTESIAN_POINT('',(1.184937511230E3,2.509700479082E2,0.E0));
#2073=DIRECTION('',(0.E0,0.E0,-1.E0));
#2074=DIRECTION('',(-1.E0,0.E0,0.E0));
#2075=AXIS2_PLACEMENT_3D('',#2072,#2073,#2074);
#2077=CARTESIAN_POINT('',(1.184937511230E3,2.509700479082E2,0.E0));
#2078=DIRECTION('',(0.E0,0.E0,-1.E0));
#2079=DIRECTION('',(1.E0,0.E0,0.E0));
#2080=AXIS2_PLACEMENT_3D('',#2077,#2078,#2079);
#2082=CARTESIAN_POINT('',(1.183937509230E3,2.464700489082E2,0.E0));
#2083=DIRECTION('',(0.E0,0.E0,-1.E0));
#2084=DIRECTION('',(-1.E0,0.E0,0.E0));
#2085=AXIS2_PLACEMENT_3D('',#2082,#2083,#2084);
#2087=CARTESIAN_POINT('',(1.183937509230E3,2.464700489082E2,0.E0));
#2088=DIRECTION('',(0.E0,0.E0,-1.E0));
#2089=DIRECTION('',(1.E0,0.E0,0.E0));
#2090=AXIS2_PLACEMENT_3D('',#2087,#2088,#2089);
#2092=DIRECTION('',(0.E0,0.E0,1.E0));
#2093=VECTOR('',#2092,6.E-1);
#2094=CARTESIAN_POINT('',(1.181287530230E3,2.562200679082E2,0.E0));
#2095=LINE('',#2094,#2093);
#2096=DIRECTION('',(0.E0,0.E0,-1.E0));
#2097=VECTOR('',#2096,6.E-1);
#2098=CARTESIAN_POINT('',(1.179987530230E3,2.562200679082E2,6.E-1));
#2099=LINE('',#2098,#2097);
#2100=DIRECTION('',(1.E0,0.E0,0.E0));
#2101=VECTOR('',#2100,5.999999999999E-1);
#2102=CARTESIAN_POINT('',(1.181287530230E3,2.562200679082E2,0.E0));
#2103=LINE('',#2102,#2101);
#2104=DIRECTION('',(0.E0,0.E0,1.E0));
#2105=VECTOR('',#2104,6.E-1);
#2106=CARTESIAN_POINT('',(1.183187530230E3,2.562200679082E2,0.E0));
#2107=LINE('',#2106,#2105);
#2108=DIRECTION('',(0.E0,0.E0,-1.E0));
#2109=VECTOR('',#2108,6.E-1);
#2110=CARTESIAN_POINT('',(1.181887530230E3,2.562200679082E2,6.E-1));
#2111=LINE('',#2110,#2109);
#2112=DIRECTION('',(1.E0,0.E0,0.E0));
#2113=VECTOR('',#2112,6.000000000001E-1);
#2114=CARTESIAN_POINT('',(1.183187530230E3,2.562200679082E2,0.E0));
#2115=LINE('',#2114,#2113);
#2116=DIRECTION('',(0.E0,0.E0,1.E0));
#2117=VECTOR('',#2116,6.E-1);
#2118=CARTESIAN_POINT('',(1.185087530230E3,2.562200679082E2,0.E0));
#2119=LINE('',#2118,#2117);
#2120=DIRECTION('',(0.E0,0.E0,-1.E0));
#2121=VECTOR('',#2120,6.E-1);
#2122=CARTESIAN_POINT('',(1.183787530230E3,2.562200679082E2,6.E-1));
#2123=LINE('',#2122,#2121);
#2124=DIRECTION('',(1.E0,0.E0,0.E0));
#2125=VECTOR('',#2124,5.999999999997E-1);
#2126=CARTESIAN_POINT('',(1.185087530230E3,2.562200679082E2,0.E0));
#2127=LINE('',#2126,#2125);
#2128=DIRECTION('',(0.E0,0.E0,1.E0));
#2129=VECTOR('',#2128,6.E-1);
#2130=CARTESIAN_POINT('',(1.186987530230E3,2.562200679082E2,0.E0));
#2131=LINE('',#2130,#2129);
#2132=DIRECTION('',(0.E0,0.E0,-1.E0));
#2133=VECTOR('',#2132,6.E-1);
#2134=CARTESIAN_POINT('',(1.185687530230E3,2.562200679082E2,6.E-1));
#2135=LINE('',#2134,#2133);
#2136=DIRECTION('',(1.E0,0.E0,0.E0));
#2137=VECTOR('',#2136,5.999999999999E-1);
#2138=CARTESIAN_POINT('',(1.186987530230E3,2.562200679082E2,0.E0));
#2139=LINE('',#2138,#2137);
#2140=DIRECTION('',(0.E0,0.E0,1.E0));
#2141=VECTOR('',#2140,6.E-1);
#2142=CARTESIAN_POINT('',(1.188887530230E3,2.562200679082E2,0.E0));
#2143=LINE('',#2142,#2141);
#2144=DIRECTION('',(0.E0,0.E0,-1.E0));
#2145=VECTOR('',#2144,6.E-1);
#2146=CARTESIAN_POINT('',(1.187587530230E3,2.562200679082E2,6.E-1));
#2147=LINE('',#2146,#2145);
#2148=DIRECTION('',(1.E0,0.E0,0.E0));
#2149=VECTOR('',#2148,4.500189999999E-1);
#2150=CARTESIAN_POINT('',(1.188887530230E3,2.562200679082E2,0.E0));
#2151=LINE('',#2150,#2149);
#2152=DIRECTION('',(0.E0,-1.E0,0.E0));
#2153=VECTOR('',#2152,1.500003E1);
#2154=CARTESIAN_POINT('',(1.189337549230E3,2.562200679082E2,0.E0));
#2155=LINE('',#2154,#2153);
#2156=DIRECTION('',(0.E0,0.E0,-1.E0));
#2157=VECTOR('',#2156,6.E-1);
#2158=CARTESIAN_POINT('',(1.189337549230E3,2.562200679082E2,6.E-1));
#2159=LINE('',#2158,#2157);
#2160=DIRECTION('',(0.E0,0.E0,-1.E0));
#2161=VECTOR('',#2160,6.E-1);
#2162=CARTESIAN_POINT('',(1.189337549230E3,2.412200379082E2,6.E-1));
#2163=LINE('',#2162,#2161);
#2164=DIRECTION('',(-1.E0,0.E0,0.E0));
#2165=VECTOR('',#2164,4.499599999999E-1);
#2166=CARTESIAN_POINT('',(1.189337549230E3,2.412200379082E2,0.E0));
#2167=LINE('',#2166,#2165);
#2168=DIRECTION('',(0.E0,0.E0,1.E0));
#2169=VECTOR('',#2168,6.E-1);
#2170=CARTESIAN_POINT('',(1.187587589230E3,2.412200379082E2,0.E0));
#2171=LINE('',#2170,#2169);
#2172=DIRECTION('',(0.E0,0.E0,-1.E0));
#2173=VECTOR('',#2172,6.E-1);
#2174=CARTESIAN_POINT('',(1.188887589230E3,2.412200379082E2,6.E-1));
#2175=LINE('',#2174,#2173);
#2176=DIRECTION('',(-1.E0,0.E0,0.E0));
#2177=VECTOR('',#2176,5.999999999999E-1);
#2178=CARTESIAN_POINT('',(1.187587589230E3,2.412200379082E2,0.E0));
#2179=LINE('',#2178,#2177);
#2180=DIRECTION('',(0.E0,0.E0,1.E0));
#2181=VECTOR('',#2180,6.E-1);
#2182=CARTESIAN_POINT('',(1.185687589230E3,2.412200379082E2,0.E0));
#2183=LINE('',#2182,#2181);
#2184=DIRECTION('',(-3.789561257387E-13,0.E0,-1.E0));
#2185=VECTOR('',#2184,6.E-1);
#2186=CARTESIAN_POINT('',(1.186987589230E3,2.412200379082E2,6.E-1));
#2187=LINE('',#2186,#2185);
#2188=DIRECTION('',(-1.E0,0.E0,0.E0));
#2189=VECTOR('',#2188,5.999999999997E-1);
#2190=CARTESIAN_POINT('',(1.185687589230E3,2.412200379082E2,0.E0));
#2191=LINE('',#2190,#2189);
#2192=DIRECTION('',(0.E0,0.E0,1.E0));
#2193=VECTOR('',#2192,6.E-1);
#2194=CARTESIAN_POINT('',(1.183787589230E3,2.412200379082E2,0.E0));
#2195=LINE('',#2194,#2193);
#2196=DIRECTION('',(0.E0,0.E0,-1.E0));
#2197=VECTOR('',#2196,6.E-1);
#2198=CARTESIAN_POINT('',(1.185087589230E3,2.412200379082E2,6.E-1));
#2199=LINE('',#2198,#2197);
#2200=DIRECTION('',(-1.E0,0.E0,0.E0));
#2201=VECTOR('',#2200,5.999999999999E-1);
#2202=CARTESIAN_POINT('',(1.183787589230E3,2.412200379082E2,0.E0));
#2203=LINE('',#2202,#2201);
#2204=DIRECTION('',(0.E0,0.E0,1.E0));
#2205=VECTOR('',#2204,6.E-1);
#2206=CARTESIAN_POINT('',(1.181887589230E3,2.412200379082E2,0.E0));
#2207=LINE('',#2206,#2205);
#2208=DIRECTION('',(3.789561257387E-13,0.E0,-1.E0));
#2209=VECTOR('',#2208,6.E-1);
#2210=CARTESIAN_POINT('',(1.183187589230E3,2.412200379082E2,6.E-1));
#2211=LINE('',#2210,#2209);
#2212=DIRECTION('',(-1.E0,0.E0,0.E0));
#2213=VECTOR('',#2212,6.000000000001E-1);
#2214=CARTESIAN_POINT('',(1.181887589230E3,2.412200379082E2,0.E0));
#2215=LINE('',#2214,#2213);
#2216=DIRECTION('',(0.E0,0.E0,1.E0));
#2217=VECTOR('',#2216,6.E-1);
#2218=CARTESIAN_POINT('',(1.179987589230E3,2.412200379082E2,0.E0));
#2219=LINE('',#2218,#2217);
#2220=DIRECTION('',(0.E0,0.E0,-1.E0));
#2221=VECTOR('',#2220,6.E-1);
#2222=CARTESIAN_POINT('',(1.181287589230E3,2.412200379082E2,6.E-1));
#2223=LINE('',#2222,#2221);
#2224=DIRECTION('',(-1.E0,0.E0,0.E0));
#2225=VECTOR('',#2224,4.500589999998E-1);
#2226=CARTESIAN_POINT('',(1.179987589230E3,2.412200379082E2,0.E0));
#2227=LINE('',#2226,#2225);
#2228=DIRECTION('',(0.E0,1.E0,0.E0));
#2229=VECTOR('',#2228,1.500003E1);
#2230=CARTESIAN_POINT('',(1.179537530230E3,2.412200379082E2,0.E0));
#2231=LINE('',#2230,#2229);
#2232=DIRECTION('',(0.E0,0.E0,-1.E0));
#2233=VECTOR('',#2232,6.E-1);
#2234=CARTESIAN_POINT('',(1.179537530230E3,2.412200379082E2,6.E-1));
#2235=LINE('',#2234,#2233);
#2236=DIRECTION('',(0.E0,0.E0,-1.E0));
#2237=VECTOR('',#2236,6.E-1);
#2238=CARTESIAN_POINT('',(1.179537530230E3,2.562200679082E2,6.E-1));
#2239=LINE('',#2238,#2237);
#2240=DIRECTION('',(1.E0,0.E0,0.E0));
#2241=VECTOR('',#2240,4.499999999998E-1);
#2242=CARTESIAN_POINT('',(1.179537530230E3,2.562200679082E2,0.E0));
#2243=LINE('',#2242,#2241);
#2244=CARTESIAN_POINT('',(1.180637530230E3,2.562200679082E2,6.E-1));
#2245=DIRECTION('',(0.E0,0.E0,1.E0));
#2246=DIRECTION('',(-1.E0,0.E0,0.E0));
#2247=AXIS2_PLACEMENT_3D('',#2244,#2245,#2246);
#2249=DIRECTION('',(1.E0,0.E0,0.E0));
#2250=VECTOR('',#2249,5.999999999999E-1);
#2251=CARTESIAN_POINT('',(1.181287530230E3,2.562200679082E2,6.E-1));
#2252=LINE('',#2251,#2250);
#2253=CARTESIAN_POINT('',(1.182537530230E3,2.562200679082E2,6.E-1));
#2254=DIRECTION('',(0.E0,0.E0,1.E0));
#2255=DIRECTION('',(-1.E0,0.E0,0.E0));
#2256=AXIS2_PLACEMENT_3D('',#2253,#2254,#2255);
#2258=DIRECTION('',(1.E0,0.E0,0.E0));
#2259=VECTOR('',#2258,6.000000000001E-1);
#2260=CARTESIAN_POINT('',(1.183187530230E3,2.562200679082E2,6.E-1));
#2261=LINE('',#2260,#2259);
#2262=CARTESIAN_POINT('',(1.184437530230E3,2.562200679082E2,6.E-1));
#2263=DIRECTION('',(0.E0,0.E0,1.E0));
#2264=DIRECTION('',(-1.E0,0.E0,0.E0));
#2265=AXIS2_PLACEMENT_3D('',#2262,#2263,#2264);
#2267=DIRECTION('',(1.E0,0.E0,0.E0));
#2268=VECTOR('',#2267,5.999999999997E-1);
#2269=CARTESIAN_POINT('',(1.185087530230E3,2.562200679082E2,6.E-1));
#2270=LINE('',#2269,#2268);
#2271=CARTESIAN_POINT('',(1.186337530230E3,2.562200679082E2,6.E-1));
#2272=DIRECTION('',(0.E0,0.E0,1.E0));
#2273=DIRECTION('',(-1.E0,0.E0,0.E0));
#2274=AXIS2_PLACEMENT_3D('',#2271,#2272,#2273);
#2276=DIRECTION('',(1.E0,0.E0,0.E0));
#2277=VECTOR('',#2276,5.999999999999E-1);
#2278=CARTESIAN_POINT('',(1.186987530230E3,2.562200679082E2,6.E-1));
#2279=LINE('',#2278,#2277);
#2280=CARTESIAN_POINT('',(1.188237530230E3,2.562200679082E2,6.E-1));
#2281=DIRECTION('',(0.E0,0.E0,1.E0));
#2282=DIRECTION('',(-1.E0,0.E0,0.E0));
#2283=AXIS2_PLACEMENT_3D('',#2280,#2281,#2282);
#2285=DIRECTION('',(1.E0,0.E0,0.E0));
#2286=VECTOR('',#2285,4.500189999999E-1);
#2287=CARTESIAN_POINT('',(1.188887530230E3,2.562200679082E2,6.E-1));
#2288=LINE('',#2287,#2286);
#2289=DIRECTION('',(0.E0,-1.E0,0.E0));
#2290=VECTOR('',#2289,1.500003E1);
#2291=CARTESIAN_POINT('',(1.189337549230E3,2.562200679082E2,6.E-1));
#2292=LINE('',#2291,#2290);
#2293=DIRECTION('',(-1.E0,0.E0,0.E0));
#2294=VECTOR('',#2293,4.499599999999E-1);
#2295=CARTESIAN_POINT('',(1.189337549230E3,2.412200379082E2,6.E-1));
#2296=LINE('',#2295,#2294);
#2297=CARTESIAN_POINT('',(1.188237589230E3,2.412200379082E2,6.E-1));
#2298=DIRECTION('',(0.E0,0.E0,1.E0));
#2299=DIRECTION('',(1.E0,0.E0,0.E0));
#2300=AXIS2_PLACEMENT_3D('',#2297,#2298,#2299);
#2302=DIRECTION('',(-1.E0,0.E0,0.E0));
#2303=VECTOR('',#2302,5.999999999999E-1);
#2304=CARTESIAN_POINT('',(1.187587589230E3,2.412200379082E2,6.E-1));
#2305=LINE('',#2304,#2303);
#2306=CARTESIAN_POINT('',(1.186337589230E3,2.412200379082E2,6.E-1));
#2307=DIRECTION('',(0.E0,0.E0,1.E0));
#2308=DIRECTION('',(1.E0,0.E0,0.E0));
#2309=AXIS2_PLACEMENT_3D('',#2306,#2307,#2308);
#2311=DIRECTION('',(-1.E0,0.E0,0.E0));
#2312=VECTOR('',#2311,5.999999999997E-1);
#2313=CARTESIAN_POINT('',(1.185687589230E3,2.412200379082E2,6.E-1));
#2314=LINE('',#2313,#2312);
#2315=CARTESIAN_POINT('',(1.184437589230E3,2.412200379082E2,6.E-1));
#2316=DIRECTION('',(0.E0,0.E0,1.E0));
#2317=DIRECTION('',(1.E0,0.E0,0.E0));
#2318=AXIS2_PLACEMENT_3D('',#2315,#2316,#2317);
#2320=DIRECTION('',(-1.E0,0.E0,0.E0));
#2321=VECTOR('',#2320,5.999999999999E-1);
#2322=CARTESIAN_POINT('',(1.183787589230E3,2.412200379082E2,6.E-1));
#2323=LINE('',#2322,#2321);
#2324=CARTESIAN_POINT('',(1.182537589230E3,2.412200379082E2,6.E-1));
#2325=DIRECTION('',(0.E0,0.E0,1.E0));
#2326=DIRECTION('',(1.E0,0.E0,0.E0));
#2327=AXIS2_PLACEMENT_3D('',#2324,#2325,#2326);
#2329=DIRECTION('',(-1.E0,0.E0,0.E0));
#2330=VECTOR('',#2329,6.000000000001E-1);
#2331=CARTESIAN_POINT('',(1.181887589230E3,2.412200379082E2,6.E-1));
#2332=LINE('',#2331,#2330);
#2333=CARTESIAN_POINT('',(1.180637589230E3,2.412200379082E2,6.E-1));
#2334=DIRECTION('',(0.E0,0.E0,1.E0));
#2335=DIRECTION('',(1.E0,0.E0,0.E0));
#2336=AXIS2_PLACEMENT_3D('',#2333,#2334,#2335);
#2338=DIRECTION('',(-1.E0,0.E0,0.E0));
#2339=VECTOR('',#2338,4.500589999998E-1);
#2340=CARTESIAN_POINT('',(1.179987589230E3,2.412200379082E2,6.E-1));
#2341=LINE('',#2340,#2339);
#2342=DIRECTION('',(0.E0,1.E0,0.E0));
#2343=VECTOR('',#2342,1.500003E1);
#2344=CARTESIAN_POINT('',(1.179537530230E3,2.412200379082E2,6.E-1));
#2345=LINE('',#2344,#2343);
#2346=DIRECTION('',(1.E0,0.E0,0.E0));
#2347=VECTOR('',#2346,4.499999999998E-1);
#2348=CARTESIAN_POINT('',(1.179537530230E3,2.562200679082E2,6.E-1));
#2349=LINE('',#2348,#2347);
#2350=CARTESIAN_POINT('',(1.184937511230E3,2.509700479082E2,6.E-1));
#2351=DIRECTION('',(0.E0,0.E0,1.E0));
#2352=DIRECTION('',(1.E0,0.E0,0.E0));
#2353=AXIS2_PLACEMENT_3D('',#2350,#2351,#2352);
#2355=CARTESIAN_POINT('',(1.184937511230E3,2.509700479082E2,6.E-1));
#2356=DIRECTION('',(0.E0,0.E0,1.E0));
#2357=DIRECTION('',(-1.E0,0.E0,0.E0));
#2358=AXIS2_PLACEMENT_3D('',#2355,#2356,#2357);
#2360=CARTESIAN_POINT('',(1.183937509230E3,2.464700489082E2,6.E-1));
#2361=DIRECTION('',(0.E0,0.E0,1.E0));
#2362=DIRECTION('',(1.E0,0.E0,0.E0));
#2363=AXIS2_PLACEMENT_3D('',#2360,#2361,#2362);
#2365=CARTESIAN_POINT('',(1.183937509230E3,2.464700489082E2,6.E-1));
#2366=DIRECTION('',(0.E0,0.E0,1.E0));
#2367=DIRECTION('',(-1.E0,0.E0,0.E0));
#2368=AXIS2_PLACEMENT_3D('',#2365,#2366,#2367);
#2370=DIRECTION('',(0.E0,0.E0,1.E0));
#2371=VECTOR('',#2370,6.E-1);
#2372=CARTESIAN_POINT('',(1.184362511230E3,2.509700479082E2,0.E0));
#2373=LINE('',#2372,#2371);
#2374=DIRECTION('',(0.E0,0.E0,1.E0));
#2375=VECTOR('',#2374,6.E-1);
#2376=CARTESIAN_POINT('',(1.185512511230E3,2.509700479082E2,0.E0));
#2377=LINE('',#2376,#2375);
#2378=DIRECTION('',(0.E0,0.E0,1.E0));
#2379=VECTOR('',#2378,6.E-1);
#2380=CARTESIAN_POINT('',(1.183462509230E3,2.464700489082E2,0.E0));
#2381=LINE('',#2380,#2379);
#2382=DIRECTION('',(0.E0,0.E0,1.E0));
#2383=VECTOR('',#2382,6.E-1);
#2384=CARTESIAN_POINT('',(1.184412509230E3,2.464700489082E2,0.E0));
#2385=LINE('',#2384,#2383);
#2386=CARTESIAN_POINT('',(1.181287530230E3,2.562200679082E2,0.E0));
#2387=CARTESIAN_POINT('',(1.179987530230E3,2.562200679082E2,0.E0));
#2388=VERTEX_POINT('',#2386);
#2389=VERTEX_POINT('',#2387);
#2390=CARTESIAN_POINT('',(1.179537530230E3,2.562200679082E2,0.E0));
#2391=VERTEX_POINT('',#2390);
#2392=CARTESIAN_POINT('',(1.179537530230E3,2.412200379082E2,0.E0));
#2393=VERTEX_POINT('',#2392);
#2394=CARTESIAN_POINT('',(1.179987589230E3,2.412200379082E2,0.E0));
#2395=VERTEX_POINT('',#2394);
#2396=CARTESIAN_POINT('',(1.181287589230E3,2.412200379082E2,0.E0));
#2397=VERTEX_POINT('',#2396);
#2398=CARTESIAN_POINT('',(1.181887589230E3,2.412200379082E2,0.E0));
#2399=VERTEX_POINT('',#2398);
#2400=CARTESIAN_POINT('',(1.183187589230E3,2.412200379082E2,0.E0));
#2401=VERTEX_POINT('',#2400);
#2402=CARTESIAN_POINT('',(1.183787589230E3,2.412200379082E2,0.E0));
#2403=VERTEX_POINT('',#2402);
#2404=CARTESIAN_POINT('',(1.185087589230E3,2.412200379082E2,0.E0));
#2405=VERTEX_POINT('',#2404);
#2406=CARTESIAN_POINT('',(1.185687589230E3,2.412200379082E2,0.E0));
#2407=VERTEX_POINT('',#2406);
#2408=CARTESIAN_POINT('',(1.186987589230E3,2.412200379082E2,0.E0));
#2409=VERTEX_POINT('',#2408);
#2410=CARTESIAN_POINT('',(1.187587589230E3,2.412200379082E2,0.E0));
#2411=VERTEX_POINT('',#2410);
#2412=CARTESIAN_POINT('',(1.188887589230E3,2.412200379082E2,0.E0));
#2413=VERTEX_POINT('',#2412);
#2414=CARTESIAN_POINT('',(1.189337549230E3,2.412200379082E2,0.E0));
#2415=VERTEX_POINT('',#2414);
#2416=CARTESIAN_POINT('',(1.189337549230E3,2.562200679082E2,0.E0));
#2417=VERTEX_POINT('',#2416);
#2418=CARTESIAN_POINT('',(1.188887530230E3,2.562200679082E2,0.E0));
#2419=VERTEX_POINT('',#2418);
#2420=CARTESIAN_POINT('',(1.187587530230E3,2.562200679082E2,0.E0));
#2421=VERTEX_POINT('',#2420);
#2422=CARTESIAN_POINT('',(1.186987530230E3,2.562200679082E2,0.E0));
#2423=VERTEX_POINT('',#2422);
#2424=CARTESIAN_POINT('',(1.185687530230E3,2.562200679082E2,0.E0));
#2425=VERTEX_POINT('',#2424);
#2426=CARTESIAN_POINT('',(1.185087530230E3,2.562200679082E2,0.E0));
#2427=VERTEX_POINT('',#2426);
#2428=CARTESIAN_POINT('',(1.183787530230E3,2.562200679082E2,0.E0));
#2429=VERTEX_POINT('',#2428);
#2430=CARTESIAN_POINT('',(1.183187530230E3,2.562200679082E2,0.E0));
#2431=VERTEX_POINT('',#2430);
#2432=CARTESIAN_POINT('',(1.181887530230E3,2.562200679082E2,0.E0));
#2433=VERTEX_POINT('',#2432);
#2434=CARTESIAN_POINT('',(1.184362511230E3,2.509700479082E2,0.E0));
#2435=CARTESIAN_POINT('',(1.185512511230E3,2.509700479082E2,0.E0));
#2436=VERTEX_POINT('',#2434);
#2437=VERTEX_POINT('',#2435);
#2438=CARTESIAN_POINT('',(1.183462509230E3,2.464700489082E2,0.E0));
#2439=CARTESIAN_POINT('',(1.184412509230E3,2.464700489082E2,0.E0));
#2440=VERTEX_POINT('',#2438);
#2441=VERTEX_POINT('',#2439);
#2442=CARTESIAN_POINT('',(1.184362511230E3,2.509700479082E2,6.E-1));
#2443=VERTEX_POINT('',#2442);
#2444=CARTESIAN_POINT('',(1.185512511230E3,2.509700479082E2,6.E-1));
#2445=VERTEX_POINT('',#2444);
#2446=CARTESIAN_POINT('',(1.179987530230E3,2.562200679082E2,6.E-1));
#2447=CARTESIAN_POINT('',(1.181287530230E3,2.562200679082E2,6.E-1));
#2448=VERTEX_POINT('',#2446);
#2449=VERTEX_POINT('',#2447);
#2450=CARTESIAN_POINT('',(1.181887530230E3,2.562200679082E2,6.E-1));
#2451=VERTEX_POINT('',#2450);
#2452=CARTESIAN_POINT('',(1.183187530230E3,2.562200679082E2,6.E-1));
#2453=VERTEX_POINT('',#2452);
#2454=CARTESIAN_POINT('',(1.183787530230E3,2.562200679082E2,6.E-1));
#2455=VERTEX_POINT('',#2454);
#2456=CARTESIAN_POINT('',(1.185087530230E3,2.562200679082E2,6.E-1));
#2457=VERTEX_POINT('',#2456);
#2458=CARTESIAN_POINT('',(1.185687530230E3,2.562200679082E2,6.E-1));
#2459=VERTEX_POINT('',#2458);
#2460=CARTESIAN_POINT('',(1.186987530230E3,2.562200679082E2,6.E-1));
#2461=VERTEX_POINT('',#2460);
#2462=CARTESIAN_POINT('',(1.187587530230E3,2.562200679082E2,6.E-1));
#2463=VERTEX_POINT('',#2462);
#2464=CARTESIAN_POINT('',(1.188887530230E3,2.562200679082E2,6.E-1));
#2465=VERTEX_POINT('',#2464);
#2466=CARTESIAN_POINT('',(1.189337549230E3,2.562200679082E2,6.E-1));
#2467=VERTEX_POINT('',#2466);
#2468=CARTESIAN_POINT('',(1.189337549230E3,2.412200379082E2,6.E-1));
#2469=VERTEX_POINT('',#2468);
#2470=CARTESIAN_POINT('',(1.188887589230E3,2.412200379082E2,6.E-1));
#2471=VERTEX_POINT('',#2470);
#2472=CARTESIAN_POINT('',(1.187587589230E3,2.412200379082E2,6.E-1));
#2473=VERTEX_POINT('',#2472);
#2474=CARTESIAN_POINT('',(1.186987589230E3,2.412200379082E2,6.E-1));
#2475=VERTEX_POINT('',#2474);
#2476=CARTESIAN_POINT('',(1.185687589230E3,2.412200379082E2,6.E-1));
#2477=VERTEX_POINT('',#2476);
#2478=CARTESIAN_POINT('',(1.185087589230E3,2.412200379082E2,6.E-1));
#2479=VERTEX_POINT('',#2478);
#2480=CARTESIAN_POINT('',(1.183787589230E3,2.412200379082E2,6.E-1));
#2481=VERTEX_POINT('',#2480);
#2482=CARTESIAN_POINT('',(1.183187589230E3,2.412200379082E2,6.E-1));
#2483=VERTEX_POINT('',#2482);
#2484=CARTESIAN_POINT('',(1.181887589230E3,2.412200379082E2,6.E-1));
#2485=VERTEX_POINT('',#2484);
#2486=CARTESIAN_POINT('',(1.181287589230E3,2.412200379082E2,6.E-1));
#2487=VERTEX_POINT('',#2486);
#2488=CARTESIAN_POINT('',(1.179987589230E3,2.412200379082E2,6.E-1));
#2489=VERTEX_POINT('',#2488);
#2490=CARTESIAN_POINT('',(1.179537530230E3,2.412200379082E2,6.E-1));
#2491=VERTEX_POINT('',#2490);
#2492=CARTESIAN_POINT('',(1.179537530230E3,2.562200679082E2,6.E-1));
#2493=VERTEX_POINT('',#2492);
#2494=CARTESIAN_POINT('',(1.184412509230E3,2.464700489082E2,6.E-1));
#2495=CARTESIAN_POINT('',(1.183462509230E3,2.464700489082E2,6.E-1));
#2496=VERTEX_POINT('',#2494);
#2497=VERTEX_POINT('',#2495);
#2498=CARTESIAN_POINT('',(0.E0,0.E0,0.E0));
#2499=DIRECTION('',(0.E0,0.E0,1.E0));
#2500=DIRECTION('',(1.E0,0.E0,0.E0));
#2501=AXIS2_PLACEMENT_3D('',#2498,#2499,#2500);
#2502=PLANE('',#2501);
#2504=ORIENTED_EDGE('',*,*,#2503,.T.);
#2506=ORIENTED_EDGE('',*,*,#2505,.F.);
#2508=ORIENTED_EDGE('',*,*,#2507,.F.);
#2510=ORIENTED_EDGE('',*,*,#2509,.F.);
#2512=ORIENTED_EDGE('',*,*,#2511,.T.);
#2514=ORIENTED_EDGE('',*,*,#2513,.F.);
#2516=ORIENTED_EDGE('',*,*,#2515,.T.);
#2518=ORIENTED_EDGE('',*,*,#2517,.F.);
#2520=ORIENTED_EDGE('',*,*,#2519,.T.);
#2522=ORIENTED_EDGE('',*,*,#2521,.F.);
#2524=ORIENTED_EDGE('',*,*,#2523,.T.);
#2526=ORIENTED_EDGE('',*,*,#2525,.F.);
#2528=ORIENTED_EDGE('',*,*,#2527,.T.);
#2530=ORIENTED_EDGE('',*,*,#2529,.F.);
#2532=ORIENTED_EDGE('',*,*,#2531,.F.);
#2534=ORIENTED_EDGE('',*,*,#2533,.F.);
#2536=ORIENTED_EDGE('',*,*,#2535,.T.);
#2538=ORIENTED_EDGE('',*,*,#2537,.F.);
#2540=ORIENTED_EDGE('',*,*,#2539,.T.);
#2542=ORIENTED_EDGE('',*,*,#2541,.F.);
#2544=ORIENTED_EDGE('',*,*,#2543,.T.);
#2546=ORIENTED_EDGE('',*,*,#2545,.F.);
#2548=ORIENTED_EDGE('',*,*,#2547,.T.);
#2550=ORIENTED_EDGE('',*,*,#2549,.F.);
#2551=EDGE_LOOP('',(#2504,#2506,#2508,#2510,#2512,#2514,#2516,#2518,#2520,#2522,
#2524,#2526,#2528,#2530,#2532,#2534,#2536,#2538,#2540,#2542,#2544,#2546,#2548,
#2550));
#2552=FACE_OUTER_BOUND('',#2551,.F.);
#2554=ORIENTED_EDGE('',*,*,#2553,.T.);
#2556=ORIENTED_EDGE('',*,*,#2555,.T.);
#2557=EDGE_LOOP('',(#2554,#2556));
#2558=FACE_BOUND('',#2557,.F.);
#2560=ORIENTED_EDGE('',*,*,#2559,.T.);
#2562=ORIENTED_EDGE('',*,*,#2561,.T.);
#2563=EDGE_LOOP('',(#2560,#2562));
#2564=FACE_BOUND('',#2563,.F.);
#2565=ADVANCED_FACE('',(#2552,#2558,#2564),#2502,.F.);
#2566=CARTESIAN_POINT('',(1.180637530230E3,2.562200679082E2,6.E-1));
#2567=DIRECTION('',(0.E0,0.E0,1.E0));
#2568=DIRECTION('',(1.E0,0.E0,0.E0));
#2569=AXIS2_PLACEMENT_3D('',#2566,#2567,#2568);
#2570=CYLINDRICAL_SURFACE('',#2569,6.5E-1);
#2571=ORIENTED_EDGE('',*,*,#2503,.F.);
#2573=ORIENTED_EDGE('',*,*,#2572,.T.);
#2575=ORIENTED_EDGE('',*,*,#2574,.F.);
#2577=ORIENTED_EDGE('',*,*,#2576,.T.);
#2578=EDGE_LOOP('',(#2571,#2573,#2575,#2577));
#2579=FACE_OUTER_BOUND('',#2578,.F.);
#2580=ADVANCED_FACE('',(#2579),#2570,.F.);
#2581=CARTESIAN_POINT('',(1.189337549230E3,2.562200679082E2,0.E0));
#2582=DIRECTION('',(0.E0,1.E0,0.E0));
#2583=DIRECTION('',(-1.E0,0.E0,0.E0));
#2584=AXIS2_PLACEMENT_3D('',#2581,#2582,#2583);
#2585=PLANE('',#2584);
#2586=ORIENTED_EDGE('',*,*,#2572,.F.);
#2587=ORIENTED_EDGE('',*,*,#2549,.T.);
#2589=ORIENTED_EDGE('',*,*,#2588,.F.);
#2591=ORIENTED_EDGE('',*,*,#2590,.F.);
#2592=EDGE_LOOP('',(#2586,#2587,#2589,#2591));
#2593=FACE_OUTER_BOUND('',#2592,.F.);
#2594=ADVANCED_FACE('',(#2593),#2585,.T.);
#2595=CARTESIAN_POINT('',(1.182537530230E3,2.562200679082E2,6.E-1));
#2596=DIRECTION('',(0.E0,0.E0,1.E0));
#2597=DIRECTION('',(1.E0,0.E0,0.E0));
#2598=AXIS2_PLACEMENT_3D('',#2595,#2596,#2597);
#2599=CYLINDRICAL_SURFACE('',#2598,6.5E-1);
#2600=ORIENTED_EDGE('',*,*,#2547,.F.);
#2602=ORIENTED_EDGE('',*,*,#2601,.T.);
#2604=ORIENTED_EDGE('',*,*,#2603,.F.);
#2605=ORIENTED_EDGE('',*,*,#2588,.T.);
#2606=EDGE_LOOP('',(#2600,#2602,#2604,#2605));
#2607=FACE_OUTER_BOUND('',#2606,.F.);
#2608=ADVANCED_FACE('',(#2607),#2599,.F.);
#2609=CARTESIAN_POINT('',(1.189337549230E3,2.562200679082E2,0.E0));
#2610=DIRECTION('',(0.E0,1.E0,0.E0));
#2611=DIRECTION('',(-1.E0,0.E0,0.E0));
#2612=AXIS2_PLACEMENT_3D('',#2609,#2610,#2611);
#2613=PLANE('',#2612);
#2614=ORIENTED_EDGE('',*,*,#2601,.F.);
#2615=ORIENTED_EDGE('',*,*,#2545,.T.);
#2617=ORIENTED_EDGE('',*,*,#2616,.F.);
#2619=ORIENTED_EDGE('',*,*,#2618,.F.);
#2620=EDGE_LOOP('',(#2614,#2615,#2617,#2619));
#2621=FACE_OUTER_BOUND('',#2620,.F.);
#2622=ADVANCED_FACE('',(#2621),#2613,.T.);
#2623=CARTESIAN_POINT('',(1.184437530230E3,2.562200679082E2,6.E-1));
#2624=DIRECTION('',(0.E0,0.E0,1.E0));
#2625=DIRECTION('',(1.E0,0.E0,0.E0));
#2626=AXIS2_PLACEMENT_3D('',#2623,#2624,#2625);
#2627=CYLINDRICAL_SURFACE('',#2626,6.5E-1);
#2628=ORIENTED_EDGE('',*,*,#2543,.F.);
#2630=ORIENTED_EDGE('',*,*,#2629,.T.);
#2632=ORIENTED_EDGE('',*,*,#2631,.F.);
#2633=ORIENTED_EDGE('',*,*,#2616,.T.);
#2634=EDGE_LOOP('',(#2628,#2630,#2632,#2633));
#2635=FACE_OUTER_BOUND('',#2634,.F.);
#2636=ADVANCED_FACE('',(#2635),#2627,.F.);
#2637=CARTESIAN_POINT('',(1.189337549230E3,2.562200679082E2,0.E0));
#2638=DIRECTION('',(0.E0,1.E0,0.E0));
#2639=DIRECTION('',(-1.E0,0.E0,0.E0));
#2640=AXIS2_PLACEMENT_3D('',#2637,#2638,#2639);
#2641=PLANE('',#2640);
#2642=ORIENTED_EDGE('',*,*,#2629,.F.);
#2643=ORIENTED_EDGE('',*,*,#2541,.T.);
#2645=ORIENTED_EDGE('',*,*,#2644,.F.);
#2647=ORIENTED_EDGE('',*,*,#2646,.F.);
#2648=EDGE_LOOP('',(#2642,#2643,#2645,#2647));
#2649=FACE_OUTER_BOUND('',#2648,.F.);
#2650=ADVANCED_FACE('',(#2649),#2641,.T.);
#2651=CARTESIAN_POINT('',(1.186337530230E3,2.562200679082E2,6.E-1));
#2652=DIRECTION('',(0.E0,0.E0,1.E0));
#2653=DIRECTION('',(1.E0,0.E0,0.E0));
#2654=AXIS2_PLACEMENT_3D('',#2651,#2652,#2653);
#2655=CYLINDRICAL_SURFACE('',#2654,6.5E-1);
#2656=ORIENTED_EDGE('',*,*,#2539,.F.);
#2658=ORIENTED_EDGE('',*,*,#2657,.T.);
#2660=ORIENTED_EDGE('',*,*,#2659,.F.);
#2661=ORIENTED_EDGE('',*,*,#2644,.T.);
#2662=EDGE_LOOP('',(#2656,#2658,#2660,#2661));
#2663=FACE_OUTER_BOUND('',#2662,.F.);
#2664=ADVANCED_FACE('',(#2663),#2655,.F.);
#2665=CARTESIAN_POINT('',(1.189337549230E3,2.562200679082E2,0.E0));
#2666=DIRECTION('',(0.E0,1.E0,0.E0));
#2667=DIRECTION('',(-1.E0,0.E0,0.E0));
#2668=AXIS2_PLACEMENT_3D('',#2665,#2666,#2667);
#2669=PLANE('',#2668);
#2670=ORIENTED_EDGE('',*,*,#2657,.F.);
#2671=ORIENTED_EDGE('',*,*,#2537,.T.);
#2673=ORIENTED_EDGE('',*,*,#2672,.F.);
#2675=ORIENTED_EDGE('',*,*,#2674,.F.);
#2676=EDGE_LOOP('',(#2670,#2671,#2673,#2675));
#2677=FACE_OUTER_BOUND('',#2676,.F.);
#2678=ADVANCED_FACE('',(#2677),#2669,.T.);
#2679=CARTESIAN_POINT('',(1.188237530230E3,2.562200679082E2,6.E-1));
#2680=DIRECTION('',(0.E0,0.E0,1.E0));
#2681=DIRECTION('',(1.E0,0.E0,0.E0));
#2682=AXIS2_PLACEMENT_3D('',#2679,#2680,#2681);
#2683=CYLINDRICAL_SURFACE('',#2682,6.5E-1);
#2684=ORIENTED_EDGE('',*,*,#2535,.F.);
#2686=ORIENTED_EDGE('',*,*,#2685,.T.);
#2688=ORIENTED_EDGE('',*,*,#2687,.F.);
#2689=ORIENTED_EDGE('',*,*,#2672,.T.);
#2690=EDGE_LOOP('',(#2684,#2686,#2688,#2689));
#2691=FACE_OUTER_BOUND('',#2690,.F.);
#2692=ADVANCED_FACE('',(#2691),#2683,.F.);
#2693=CARTESIAN_POINT('',(1.189337549230E3,2.562200679082E2,0.E0));
#2694=DIRECTION('',(0.E0,1.E0,0.E0));
#2695=DIRECTION('',(-1.E0,0.E0,0.E0));
#2696=AXIS2_PLACEMENT_3D('',#2693,#2694,#2695);
#2697=PLANE('',#2696);
#2698=ORIENTED_EDGE('',*,*,#2685,.F.);
#2699=ORIENTED_EDGE('',*,*,#2533,.T.);
#2701=ORIENTED_EDGE('',*,*,#2700,.F.);
#2703=ORIENTED_EDGE('',*,*,#2702,.F.);
#2704=EDGE_LOOP('',(#2698,#2699,#2701,#2703));
#2705=FACE_OUTER_BOUND('',#2704,.F.);
#2706=ADVANCED_FACE('',(#2705),#2697,.T.);
#2707=CARTESIAN_POINT('',(1.189337549230E3,2.412200379082E2,0.E0));
#2708=DIRECTION('',(1.E0,0.E0,0.E0));
#2709=DIRECTION('',(0.E0,1.E0,0.E0));
#2710=AXIS2_PLACEMENT_3D('',#2707,#2708,#2709);
#2711=PLANE('',#2710);
#2712=ORIENTED_EDGE('',*,*,#2531,.T.);
#2714=ORIENTED_EDGE('',*,*,#2713,.F.);
#2716=ORIENTED_EDGE('',*,*,#2715,.F.);
#2717=ORIENTED_EDGE('',*,*,#2700,.T.);
#2718=EDGE_LOOP('',(#2712,#2714,#2716,#2717));
#2719=FACE_OUTER_BOUND('',#2718,.F.);
#2720=ADVANCED_FACE('',(#2719),#2711,.T.);
#2721=CARTESIAN_POINT('',(1.179537530230E3,2.412200379082E2,0.E0));
#2722=DIRECTION('',(0.E0,-1.E0,0.E0));
#2723=DIRECTION('',(1.E0,0.E0,0.E0));
#2724=AXIS2_PLACEMENT_3D('',#2721,#2722,#2723);
#2725=PLANE('',#2724);
#2727=ORIENTED_EDGE('',*,*,#2726,.F.);
#2729=ORIENTED_EDGE('',*,*,#2728,.F.);
#2730=ORIENTED_EDGE('',*,*,#2713,.T.);
#2731=ORIENTED_EDGE('',*,*,#2529,.T.);
#2732=EDGE_LOOP('',(#2727,#2729,#2730,#2731));
#2733=FACE_OUTER_BOUND('',#2732,.F.);
#2734=ADVANCED_FACE('',(#2733),#2725,.T.);
#2735=CARTESIAN_POINT('',(1.188237589230E3,2.412200379082E2,6.E-1));
#2736=DIRECTION('',(0.E0,0.E0,1.E0));
#2737=DIRECTION('',(1.E0,0.E0,0.E0));
#2738=AXIS2_PLACEMENT_3D('',#2735,#2736,#2737);
#2739=CYLINDRICAL_SURFACE('',#2738,6.5E-1);
#2740=ORIENTED_EDGE('',*,*,#2527,.F.);
#2742=ORIENTED_EDGE('',*,*,#2741,.T.);
#2744=ORIENTED_EDGE('',*,*,#2743,.F.);
#2745=ORIENTED_EDGE('',*,*,#2726,.T.);
#2746=EDGE_LOOP('',(#2740,#2742,#2744,#2745));
#2747=FACE_OUTER_BOUND('',#2746,.F.);
#2748=ADVANCED_FACE('',(#2747),#2739,.F.);
#2749=CARTESIAN_POINT('',(1.179537530230E3,2.412200379082E2,0.E0));
#2750=DIRECTION('',(0.E0,-1.E0,0.E0));
#2751=DIRECTION('',(1.E0,0.E0,0.E0));
#2752=AXIS2_PLACEMENT_3D('',#2749,#2750,#2751);
#2753=PLANE('',#2752);
#2755=ORIENTED_EDGE('',*,*,#2754,.F.);
#2757=ORIENTED_EDGE('',*,*,#2756,.F.);
#2758=ORIENTED_EDGE('',*,*,#2741,.F.);
#2759=ORIENTED_EDGE('',*,*,#2525,.T.);
#2760=EDGE_LOOP('',(#2755,#2757,#2758,#2759));
#2761=FACE_OUTER_BOUND('',#2760,.F.);
#2762=ADVANCED_FACE('',(#2761),#2753,.T.);
#2763=CARTESIAN_POINT('',(1.186337589230E3,2.412200379082E2,6.E-1));
#2764=DIRECTION('',(0.E0,0.E0,1.E0));
#2765=DIRECTION('',(1.E0,0.E0,0.E0));
#2766=AXIS2_PLACEMENT_3D('',#2763,#2764,#2765);
#2767=CYLINDRICAL_SURFACE('',#2766,6.5E-1);
#2768=ORIENTED_EDGE('',*,*,#2523,.F.);
#2770=ORIENTED_EDGE('',*,*,#2769,.T.);
#2772=ORIENTED_EDGE('',*,*,#2771,.F.);
#2773=ORIENTED_EDGE('',*,*,#2754,.T.);
#2774=EDGE_LOOP('',(#2768,#2770,#2772,#2773));
#2775=FACE_OUTER_BOUND('',#2774,.F.);
#2776=ADVANCED_FACE('',(#2775),#2767,.F.);
#2777=CARTESIAN_POINT('',(1.179537530230E3,2.412200379082E2,0.E0));
#2778=DIRECTION('',(0.E0,-1.E0,0.E0));
#2779=DIRECTION('',(1.E0,0.E0,0.E0));
#2780=AXIS2_PLACEMENT_3D('',#2777,#2778,#2779);
#2781=PLANE('',#2780);
#2783=ORIENTED_EDGE('',*,*,#2782,.F.);
#2785=ORIENTED_EDGE('',*,*,#2784,.F.);
#2786=ORIENTED_EDGE('',*,*,#2769,.F.);
#2787=ORIENTED_EDGE('',*,*,#2521,.T.);
#2788=EDGE_LOOP('',(#2783,#2785,#2786,#2787));
#2789=FACE_OUTER_BOUND('',#2788,.F.);
#2790=ADVANCED_FACE('',(#2789),#2781,.T.);
#2791=CARTESIAN_POINT('',(1.184437589230E3,2.412200379082E2,6.E-1));
#2792=DIRECTION('',(0.E0,0.E0,1.E0));
#2793=DIRECTION('',(1.E0,0.E0,0.E0));
#2794=AXIS2_PLACEMENT_3D('',#2791,#2792,#2793);
#2795=CYLINDRICAL_SURFACE('',#2794,6.5E-1);
#2796=ORIENTED_EDGE('',*,*,#2519,.F.);
#2798=ORIENTED_EDGE('',*,*,#2797,.T.);
#2800=ORIENTED_EDGE('',*,*,#2799,.F.);
#2801=ORIENTED_EDGE('',*,*,#2782,.T.);
#2802=EDGE_LOOP('',(#2796,#2798,#2800,#2801));
#2803=FACE_OUTER_BOUND('',#2802,.F.);
#2804=ADVANCED_FACE('',(#2803),#2795,.F.);
#2805=CARTESIAN_POINT('',(1.179537530230E3,2.412200379082E2,0.E0));
#2806=DIRECTION('',(0.E0,-1.E0,0.E0));
#2807=DIRECTION('',(1.E0,0.E0,0.E0));
#2808=AXIS2_PLACEMENT_3D('',#2805,#2806,#2807);
#2809=PLANE('',#2808);
#2811=ORIENTED_EDGE('',*,*,#2810,.F.);
#2813=ORIENTED_EDGE('',*,*,#2812,.F.);
#2814=ORIENTED_EDGE('',*,*,#2797,.F.);
#2815=ORIENTED_EDGE('',*,*,#2517,.T.);
#2816=EDGE_LOOP('',(#2811,#2813,#2814,#2815));
#2817=FACE_OUTER_BOUND('',#2816,.F.);
#2818=ADVANCED_FACE('',(#2817),#2809,.T.);
#2819=CARTESIAN_POINT('',(1.182537589230E3,2.412200379082E2,6.E-1));
#2820=DIRECTION('',(0.E0,0.E0,1.E0));
#2821=DIRECTION('',(1.E0,0.E0,0.E0));
#2822=AXIS2_PLACEMENT_3D('',#2819,#2820,#2821);
#2823=CYLINDRICAL_SURFACE('',#2822,6.5E-1);
#2824=ORIENTED_EDGE('',*,*,#2515,.F.);
#2826=ORIENTED_EDGE('',*,*,#2825,.T.);
#2828=ORIENTED_EDGE('',*,*,#2827,.F.);
#2829=ORIENTED_EDGE('',*,*,#2810,.T.);
#2830=EDGE_LOOP('',(#2824,#2826,#2828,#2829));
#2831=FACE_OUTER_BOUND('',#2830,.F.);
#2832=ADVANCED_FACE('',(#2831),#2823,.F.);
#2833=CARTESIAN_POINT('',(1.179537530230E3,2.412200379082E2,0.E0));
#2834=DIRECTION('',(0.E0,-1.E0,0.E0));
#2835=DIRECTION('',(1.E0,0.E0,0.E0));
#2836=AXIS2_PLACEMENT_3D('',#2833,#2834,#2835);
#2837=PLANE('',#2836);
#2839=ORIENTED_EDGE('',*,*,#2838,.F.);
#2841=ORIENTED_EDGE('',*,*,#2840,.F.);
#2842=ORIENTED_EDGE('',*,*,#2825,.F.);
#2843=ORIENTED_EDGE('',*,*,#2513,.T.);
#2844=EDGE_LOOP('',(#2839,#2841,#2842,#2843));
#2845=FACE_OUTER_BOUND('',#2844,.F.);
#2846=ADVANCED_FACE('',(#2845),#2837,.T.);
#2847=CARTESIAN_POINT('',(1.180637589230E3,2.412200379082E2,6.E-1));
#2848=DIRECTION('',(0.E0,0.E0,1.E0));
#2849=DIRECTION('',(1.E0,0.E0,0.E0));
#2850=AXIS2_PLACEMENT_3D('',#2847,#2848,#2849);
#2851=CYLINDRICAL_SURFACE('',#2850,6.5E-1);
#2852=ORIENTED_EDGE('',*,*,#2511,.F.);
#2854=ORIENTED_EDGE('',*,*,#2853,.T.);
#2856=ORIENTED_EDGE('',*,*,#2855,.F.);
#2857=ORIENTED_EDGE('',*,*,#2838,.T.);
#2858=EDGE_LOOP('',(#2852,#2854,#2856,#2857));
#2859=FACE_OUTER_BOUND('',#2858,.F.);
#2860=ADVANCED_FACE('',(#2859),#2851,.F.);
#2861=CARTESIAN_POINT('',(1.179537530230E3,2.412200379082E2,0.E0));
#2862=DIRECTION('',(0.E0,-1.E0,0.E0));
#2863=DIRECTION('',(1.E0,0.E0,0.E0));
#2864=AXIS2_PLACEMENT_3D('',#2861,#2862,#2863);
#2865=PLANE('',#2864);
#2866=ORIENTED_EDGE('',*,*,#2853,.F.);
#2867=ORIENTED_EDGE('',*,*,#2509,.T.);
#2869=ORIENTED_EDGE('',*,*,#2868,.F.);
#2871=ORIENTED_EDGE('',*,*,#2870,.F.);
#2872=EDGE_LOOP('',(#2866,#2867,#2869,#2871));
#2873=FACE_OUTER_BOUND('',#2872,.F.);
#2874=ADVANCED_FACE('',(#2873),#2865,.T.);
#2875=CARTESIAN_POINT('',(1.179537530230E3,2.562200679082E2,0.E0));
#2876=DIRECTION('',(-1.E0,0.E0,0.E0));
#2877=DIRECTION('',(0.E0,-1.E0,0.E0));
#2878=AXIS2_PLACEMENT_3D('',#2875,#2876,#2877);
#2879=PLANE('',#2878);
#2880=ORIENTED_EDGE('',*,*,#2507,.T.);
#2882=ORIENTED_EDGE('',*,*,#2881,.F.);
#2884=ORIENTED_EDGE('',*,*,#2883,.F.);
#2885=ORIENTED_EDGE('',*,*,#2868,.T.);
#2886=EDGE_LOOP('',(#2880,#2882,#2884,#2885));
#2887=FACE_OUTER_BOUND('',#2886,.F.);
#2888=ADVANCED_FACE('',(#2887),#2879,.T.);
#2889=CARTESIAN_POINT('',(1.189337549230E3,2.562200679082E2,0.E0));
#2890=DIRECTION('',(0.E0,1.E0,0.E0));
#2891=DIRECTION('',(-1.E0,0.E0,0.E0));
#2892=AXIS2_PLACEMENT_3D('',#2889,#2890,#2891);
#2893=PLANE('',#2892);
#2894=ORIENTED_EDGE('',*,*,#2576,.F.);
#2896=ORIENTED_EDGE('',*,*,#2895,.F.);
#2897=ORIENTED_EDGE('',*,*,#2881,.T.);
#2898=ORIENTED_EDGE('',*,*,#2505,.T.);
#2899=EDGE_LOOP('',(#2894,#2896,#2897,#2898));
#2900=FACE_OUTER_BOUND('',#2899,.F.);
#2901=ADVANCED_FACE('',(#2900),#2893,.T.);
#2902=CARTESIAN_POINT('',(0.E0,0.E0,6.E-1));
#2903=DIRECTION('',(0.E0,0.E0,1.E0));
#2904=DIRECTION('',(1.E0,0.E0,0.E0));
#2905=AXIS2_PLACEMENT_3D('',#2902,#2903,#2904);
#2906=PLANE('',#2905);
#2907=ORIENTED_EDGE('',*,*,#2574,.T.);
#2908=ORIENTED_EDGE('',*,*,#2590,.T.);
#2909=ORIENTED_EDGE('',*,*,#2603,.T.);
#2910=ORIENTED_EDGE('',*,*,#2618,.T.);
#2911=ORIENTED_EDGE('',*,*,#2631,.T.);
#2912=ORIENTED_EDGE('',*,*,#2646,.T.);
#2913=ORIENTED_EDGE('',*,*,#2659,.T.);
#2914=ORIENTED_EDGE('',*,*,#2674,.T.);
#2915=ORIENTED_EDGE('',*,*,#2687,.T.);
#2916=ORIENTED_EDGE('',*,*,#2702,.T.);
#2917=ORIENTED_EDGE('',*,*,#2715,.T.);
#2918=ORIENTED_EDGE('',*,*,#2728,.T.);
#2919=ORIENTED_EDGE('',*,*,#2743,.T.);
#2920=ORIENTED_EDGE('',*,*,#2756,.T.);
#2921=ORIENTED_EDGE('',*,*,#2771,.T.);
#2922=ORIENTED_EDGE('',*,*,#2784,.T.);
#2923=ORIENTED_EDGE('',*,*,#2799,.T.);
#2924=ORIENTED_EDGE('',*,*,#2812,.T.);
#2925=ORIENTED_EDGE('',*,*,#2827,.T.);
#2926=ORIENTED_EDGE('',*,*,#2840,.T.);
#2927=ORIENTED_EDGE('',*,*,#2855,.T.);
#2928=ORIENTED_EDGE('',*,*,#2870,.T.);
#2929=ORIENTED_EDGE('',*,*,#2883,.T.);
#2930=ORIENTED_EDGE('',*,*,#2895,.T.);
#2931=EDGE_LOOP('',(#2907,#2908,#2909,#2910,#2911,#2912,#2913,#2914,#2915,#2916,
#2917,#2918,#2919,#2920,#2921,#2922,#2923,#2924,#2925,#2926,#2927,#2928,#2929,
#2930));
#2932=FACE_OUTER_BOUND('',#2931,.F.);
#2934=ORIENTED_EDGE('',*,*,#2933,.T.);
#2936=ORIENTED_EDGE('',*,*,#2935,.T.);
#2937=EDGE_LOOP('',(#2934,#2936));
#2938=FACE_BOUND('',#2937,.F.);
#2940=ORIENTED_EDGE('',*,*,#2939,.T.);
#2942=ORIENTED_EDGE('',*,*,#2941,.T.);
#2943=EDGE_LOOP('',(#2940,#2942));
#2944=FACE_BOUND('',#2943,.F.);
#2945=ADVANCED_FACE('',(#2932,#2938,#2944),#2906,.T.);
#2946=CARTESIAN_POINT('',(1.184937511230E3,2.509700479082E2,6.E-1));
#2947=DIRECTION('',(0.E0,0.E0,1.E0));
#2948=DIRECTION('',(1.E0,0.E0,0.E0));
#2949=AXIS2_PLACEMENT_3D('',#2946,#2947,#2948);
#2950=CYLINDRICAL_SURFACE('',#2949,5.75E-1);
#2951=ORIENTED_EDGE('',*,*,#2553,.F.);
#2953=ORIENTED_EDGE('',*,*,#2952,.T.);
#2954=ORIENTED_EDGE('',*,*,#2933,.F.);
#2956=ORIENTED_EDGE('',*,*,#2955,.F.);
#2957=EDGE_LOOP('',(#2951,#2953,#2954,#2956));
#2958=FACE_OUTER_BOUND('',#2957,.F.);
#2959=ADVANCED_FACE('',(#2958),#2950,.F.);
#2960=CARTESIAN_POINT('',(1.184937511230E3,2.509700479082E2,6.E-1));
#2961=DIRECTION('',(0.E0,0.E0,1.E0));
#2962=DIRECTION('',(1.E0,0.E0,0.E0));
#2963=AXIS2_PLACEMENT_3D('',#2960,#2961,#2962);
#2964=CYLINDRICAL_SURFACE('',#2963,5.75E-1);
#2965=ORIENTED_EDGE('',*,*,#2555,.F.);
#2966=ORIENTED_EDGE('',*,*,#2955,.T.);
#2967=ORIENTED_EDGE('',*,*,#2935,.F.);
#2968=ORIENTED_EDGE('',*,*,#2952,.F.);
#2969=EDGE_LOOP('',(#2965,#2966,#2967,#2968));
#2970=FACE_OUTER_BOUND('',#2969,.F.);
#2971=ADVANCED_FACE('',(#2970),#2964,.F.);
#2972=CARTESIAN_POINT('',(1.183937509230E3,2.464700489082E2,6.E-1));
#2973=DIRECTION('',(0.E0,0.E0,1.E0));
#2974=DIRECTION('',(1.E0,0.E0,0.E0));
#2975=AXIS2_PLACEMENT_3D('',#2972,#2973,#2974);
#2976=CYLINDRICAL_SURFACE('',#2975,4.75E-1);
#2977=ORIENTED_EDGE('',*,*,#2559,.F.);
#2979=ORIENTED_EDGE('',*,*,#2978,.T.);
#2980=ORIENTED_EDGE('',*,*,#2939,.F.);
#2982=ORIENTED_EDGE('',*,*,#2981,.F.);
#2983=EDGE_LOOP('',(#2977,#2979,#2980,#2982));
#2984=FACE_OUTER_BOUND('',#2983,.F.);
#2985=ADVANCED_FACE('',(#2984),#2976,.F.);
#2986=CARTESIAN_POINT('',(1.183937509230E3,2.464700489082E2,6.E-1));
#2987=DIRECTION('',(0.E0,0.E0,1.E0));
#2988=DIRECTION('',(1.E0,0.E0,0.E0));
#2989=AXIS2_PLACEMENT_3D('',#2986,#2987,#2988);
#2990=CYLINDRICAL_SURFACE('',#2989,4.75E-1);
#2991=ORIENTED_EDGE('',*,*,#2561,.F.);
#2992=ORIENTED_EDGE('',*,*,#2981,.T.);
#2993=ORIENTED_EDGE('',*,*,#2941,.F.);
#2994=ORIENTED_EDGE('',*,*,#2978,.F.);
#2995=EDGE_LOOP('',(#2991,#2992,#2993,#2994));
#2996=FACE_OUTER_BOUND('',#2995,.F.);
#2997=ADVANCED_FACE('',(#2996),#2990,.F.);
#2998=CLOSED_SHELL('',(#2565,#2580,#2594,#2608,#2622,#2636,#2650,#2664,#2678,
#2692,#2706,#2720,#2734,#2748,#2762,#2776,#2790,#2804,#2818,#2832,#2846,#2860,
#2874,#2888,#2901,#2945,#2959,#2971,#2985,#2997));
#2999=MANIFOLD_SOLID_BREP('',#2998);
#3000=(LENGTH_UNIT()NAMED_UNIT(*)SI_UNIT(.MILLI.,.METRE.));
#3001=DIMENSIONAL_EXPONENTS(0.E0,0.E0,0.E0,0.E0,0.E0,0.E0,0.E0);
#3002=(NAMED_UNIT(*)PLANE_ANGLE_UNIT()SI_UNIT($,.RADIAN.));
#3003=PLANE_ANGLE_MEASURE_WITH_UNIT(PLANE_ANGLE_MEASURE(1.745329251994E-2),
#3002);
#3004=(CONVERSION_BASED_UNIT('DEGREE',#3003)NAMED_UNIT(#3001)PLANE_ANGLE_UNIT(
));
#3005=(NAMED_UNIT(*)SI_UNIT($,.STERADIAN.)SOLID_ANGLE_UNIT());
#3006=UNCERTAINTY_MEASURE_WITH_UNIT(LENGTH_MEASURE(1.792695068364E-3),#3000,
'closure',
'Maximum model space distance between geometric entities at asserted connectivities');
#3007=(GEOMETRIC_REPRESENTATION_CONTEXT(3)GLOBAL_UNCERTAINTY_ASSIGNED_CONTEXT((
#3006))GLOBAL_UNIT_ASSIGNED_CONTEXT((#3000,#3004,#3005))REPRESENTATION_CONTEXT(
'ID2','3'));
#3008=CARTESIAN_POINT('',(0.E0,0.E0,0.E0));
#3009=DIRECTION('',(0.E0,0.E0,1.E0));
#3010=DIRECTION('',(1.E0,0.E0,0.E0));
#3013=MECHANICAL_CONTEXT('',#2001,'mechanical');
#3014=PRODUCT('4812PCB_2','4812PCB_2','NOT SPECIFIED',(#3013));
#3015=PRODUCT_DEFINITION_FORMATION_WITH_SPECIFIED_SOURCE('1','LAST_VERSION',
#3014,.MADE.);
#3021=CARTESIAN_POINT('',(1.184437393126E3,2.487206055259E2,-6.E-1));
#3022=DIRECTION('',(0.E0,0.E0,1.E0));
#3023=DIRECTION('',(-9.999999999999E-1,-4.705882894751E-7,0.E0));
#3024=AXIS2_PLACEMENT_3D('',#3021,#3022,#3023);
#3025=ITEM_DEFINED_TRANSFORMATION('','',#3011,#3024);
#3026=(REPRESENTATION_RELATIONSHIP('','',#3012,#2012)REPRESENTATION_RELATIONSHIP_WITH_TRANSFORMATION(#3025)SHAPE_REPRESENTATION_RELATIONSHIP());
#3027=CONTEXT_DEPENDENT_SHAPE_REPRESENTATION(#3026,#3020);
#3028=(LENGTH_UNIT()NAMED_UNIT(*)SI_UNIT(.MILLI.,.METRE.));
#3029=DIMENSIONAL_EXPONENTS(0.E0,0.E0,0.E0,0.E0,0.E0,0.E0,0.E0);
#3030=(NAMED_UNIT(*)PLANE_ANGLE_UNIT()SI_UNIT($,.RADIAN.));
#3031=PLANE_ANGLE_MEASURE_WITH_UNIT(PLANE_ANGLE_MEASURE(1.745329251994E-2),
#3030);
#3032=(CONVERSION_BASED_UNIT('DEGREE',#3031)NAMED_UNIT(#3029)PLANE_ANGLE_UNIT(
));
#3033=(NAMED_UNIT(*)SI_UNIT($,.STERADIAN.)SOLID_ANGLE_UNIT());
#3034=UNCERTAINTY_MEASURE_WITH_UNIT(LENGTH_MEASURE(1.833388123117E-3),#3028,
'closure',
'Maximum model space distance between geometric entities at asserted connectivities');
#3035=(GEOMETRIC_REPRESENTATION_CONTEXT(3)GLOBAL_UNCERTAINTY_ASSIGNED_CONTEXT((
#3034))GLOBAL_UNIT_ASSIGNED_CONTEXT((#3028,#3032,#3033))REPRESENTATION_CONTEXT(
'ID3','3'));
#3036=CARTESIAN_POINT('',(0.E0,0.E0,0.E0));
#3037=DIRECTION('',(0.E0,0.E0,1.E0));
#3038=DIRECTION('',(1.E0,0.E0,0.E0));
#3040=DESIGN_CONTEXT('',#2001,'design');
#3041=MECHANICAL_CONTEXT('',#2001,'mechanical');
#3042=PRODUCT('4812_ASM_2_ASM','4812_ASM_2_ASM','NOT SPECIFIED',(#3041));
#3043=PRODUCT_DEFINITION_FORMATION_WITH_SPECIFIED_SOURCE('1','LAST_VERSION',
#3042,.MADE.);
#3045=PRODUCT_CATEGORY('part','');
#3046=PRODUCT_RELATED_PRODUCT_CATEGORY('assembly','',(#3042));
#3047=PRODUCT_CATEGORY_RELATIONSHIP('','',#3045,#3046);
#3048=PRODUCT_CATEGORY('part','');
#3049=PRODUCT_RELATED_PRODUCT_CATEGORY('detail','',(#2005,#3014));
#3050=PRODUCT_CATEGORY_RELATIONSHIP('','',#3048,#3049);
#3051=SECURITY_CLASSIFICATION_LEVEL('unclassified');
#3052=SECURITY_CLASSIFICATION('','',#3051);
#3053=CC_DESIGN_SECURITY_CLASSIFICATION(#3052,(#2006,#3015,#3043,#2013,#3019));
#3054=APPROVAL_STATUS('approved');
#3055=APPROVAL(#3054,'');
#3056=CC_DESIGN_APPROVAL(#3055,(#3052,#2006,#3015,#3043,#2007,#3016,#3044));
#3057=CALENDAR_DATE(116,18,3);
#3058=COORDINATED_UNIVERSAL_TIME_OFFSET(8,0,.AHEAD.);
#3059=LOCAL_TIME(9,8,1.8E1,#3058);
#3060=DATE_AND_TIME(#3057,#3059);
#3061=APPROVAL_DATE_TIME(#3060,#3055);
#3062=DATE_TIME_ROLE('creation_date');
#3063=CC_DESIGN_DATE_AND_TIME_ASSIGNMENT(#3060,#3062,(#2007,#3016,#3044));
#3064=DATE_TIME_ROLE('classification_date');
#3065=CC_DESIGN_DATE_AND_TIME_ASSIGNMENT(#3060,#3064,(#3052));
#3066=PERSON('UNSPECIFIED','UNSPECIFIED',$,$,$,$);
#3067=ORGANIZATION('UNSPECIFIED','UNSPECIFIED','UNSPECIFIED');
#3068=PERSON_AND_ORGANIZATION(#3066,#3067);
#3069=APPROVAL_ROLE('approver');
#3070=APPROVAL_PERSON_ORGANIZATION(#3068,#3055,#3069);
#3071=PERSON_AND_ORGANIZATION_ROLE('creator');
#3072=CC_DESIGN_PERSON_AND_ORGANIZATION_ASSIGNMENT(#3068,#3071,(#2006,#3015,
#3043,#2007,#3016,#3044));
#3073=PERSON_AND_ORGANIZATION_ROLE('design_supplier');
#3074=CC_DESIGN_PERSON_AND_ORGANIZATION_ASSIGNMENT(#3068,#3073,(#2006,#3015,
#3043));
#3075=PERSON_AND_ORGANIZATION_ROLE('classification_officer');
#3076=CC_DESIGN_PERSON_AND_ORGANIZATION_ASSIGNMENT(#3068,#3075,(#3052));
#3077=PERSON_AND_ORGANIZATION_ROLE('design_owner');
#3078=CC_DESIGN_PERSON_AND_ORGANIZATION_ASSIGNMENT(#3068,#3077,(#3042,#2005,
#3014));
#5=CIRCLE('',#4,4.5E-1);
#10=CIRCLE('',#9,4.5E-1);
#15=CIRCLE('',#14,5.5E-1);
#20=CIRCLE('',#19,5.5E-1);
#73=CIRCLE('',#72,6.E-1);
#78=CIRCLE('',#77,6.E-1);
#231=CIRCLE('',#230,6.E-1);
#236=CIRCLE('',#235,6.E-1);
#617=CIRCLE('',#616,4.5E-1);
#622=CIRCLE('',#621,4.5E-1);
#627=CIRCLE('',#626,5.5E-1);
#632=CIRCLE('',#631,5.5E-1);
#641=CIRCLE('',#640,5.5E-1);
#646=CIRCLE('',#645,5.5E-1);
#655=CIRCLE('',#654,5.408326913196E-1);
#660=CIRCLE('',#659,5.5E-1);
#665=CIRCLE('',#664,5.5E-1);
#670=CIRCLE('',#669,5.408326913196E-1);
#675=CIRCLE('',#674,5.5E-1);
#680=CIRCLE('',#679,5.5E-1);
#916=EDGE_CURVE('',#691,#692,#24,.T.);
#918=EDGE_CURVE('',#694,#691,#48,.T.);
#920=EDGE_CURVE('',#696,#694,#40,.T.);
#922=EDGE_CURVE('',#692,#696,#32,.T.);
#926=EDGE_CURVE('',#699,#700,#5,.T.);
#928=EDGE_CURVE('',#700,#699,#10,.T.);
#932=EDGE_CURVE('',#703,#704,#15,.T.);
#934=EDGE_CURVE('',#704,#703,#20,.T.);
#945=EDGE_CURVE('',#710,#692,#36,.T.);
#947=EDGE_CURVE('',#712,#710,#56,.T.);
#949=EDGE_CURVE('',#712,#691,#28,.T.);
#960=EDGE_CURVE('',#714,#696,#44,.T.);
#962=EDGE_CURVE('',#710,#714,#60,.T.);
#974=EDGE_CURVE('',#716,#694,#52,.T.);
#976=EDGE_CURVE('',#714,#716,#64,.T.);
#989=EDGE_CURVE('',#716,#712,#68,.T.);
#1006=EDGE_CURVE('',#719,#720,#73,.T.);
#1008=EDGE_CURVE('',#720,#719,#78,.T.);
#1012=EDGE_CURVE('',#723,#724,#248,.T.);
#1014=EDGE_CURVE('',#723,#726,#82,.T.);
#1016=EDGE_CURVE('',#726,#728,#86,.T.);
#1018=EDGE_CURVE('',#730,#728,#288,.T.);
#1020=EDGE_CURVE('',#730,#732,#90,.T.);
#1022=EDGE_CURVE('',#732,#724,#94,.T.);
#1026=EDGE_CURVE('',#735,#736,#98,.T.);
#1028=EDGE_CURVE('',#736,#738,#102,.T.);
#1030=EDGE_CURVE('',#738,#740,#106,.T.);
#1032=EDGE_CURVE('',#740,#742,#110,.T.);
#1034=EDGE_CURVE('',#742,#744,#114,.T.);
#1036=EDGE_CURVE('',#744,#735,#118,.T.);
#1040=EDGE_CURVE('',#747,#748,#122,.T.);
#1042=EDGE_CURVE('',#748,#750,#126,.T.);
#1044=EDGE_CURVE('',#750,#752,#130,.T.);
#1046=EDGE_CURVE('',#752,#754,#134,.T.);
#1048=EDGE_CURVE('',#754,#756,#138,.T.);
#1050=EDGE_CURVE('',#756,#747,#142,.T.);
#1054=EDGE_CURVE('',#759,#760,#400,.T.);
#1056=EDGE_CURVE('',#759,#762,#146,.T.);
#1058=EDGE_CURVE('',#762,#764,#150,.T.);
#1060=EDGE_CURVE('',#766,#764,#440,.T.);
#1062=EDGE_CURVE('',#766,#768,#154,.T.);
#1064=EDGE_CURVE('',#768,#760,#158,.T.);
#1068=EDGE_CURVE('',#771,#772,#456,.T.);
#1070=EDGE_CURVE('',#771,#774,#162,.T.);
#1072=EDGE_CURVE('',#774,#776,#166,.T.);
#1074=EDGE_CURVE('',#778,#776,#488,.T.);
#1076=EDGE_CURVE('',#778,#780,#170,.T.);
#1078=EDGE_CURVE('',#780,#772,#174,.T.);
#1082=EDGE_CURVE('',#783,#784,#178,.T.);
#1084=EDGE_CURVE('',#784,#786,#182,.T.);
#1086=EDGE_CURVE('',#786,#788,#186,.T.);
#1088=EDGE_CURVE('',#788,#790,#190,.T.);
#1090=EDGE_CURVE('',#790,#792,#194,.T.);
#1092=EDGE_CURVE('',#792,#783,#198,.T.);
#1096=EDGE_CURVE('',#795,#796,#202,.T.);
#1098=EDGE_CURVE('',#796,#798,#206,.T.);
#1100=EDGE_CURVE('',#798,#800,#210,.T.);
#1102=EDGE_CURVE('',#800,#802,#214,.T.);
#1104=EDGE_CURVE('',#802,#804,#218,.T.);
#1106=EDGE_CURVE('',#804,#795,#222,.T.);
#1116=EDGE_CURVE('',#807,#808,#231,.T.);
#1118=EDGE_CURVE('',#720,#807,#240,.T.);
#1121=EDGE_CURVE('',#719,#808,#226,.T.);
#1132=EDGE_CURVE('',#808,#807,#236,.T.);
#1154=EDGE_CURVE('',#823,#824,#252,.T.);
#1156=EDGE_CURVE('',#823,#723,#244,.T.);
#1159=EDGE_CURVE('',#824,#724,#276,.T.);
#1170=EDGE_CURVE('',#824,#826,#256,.T.);
#1172=EDGE_CURVE('',#826,#828,#260,.T.);
#1174=EDGE_CURVE('',#828,#830,#264,.T.);
#1176=EDGE_CURVE('',#830,#832,#268,.T.);
#1178=EDGE_CURVE('',#832,#823,#272,.T.);
#1191=EDGE_CURVE('',#826,#732,#280,.T.);
#1204=EDGE_CURVE('',#828,#730,#284,.T.);
#1217=EDGE_CURVE('',#830,#728,#292,.T.);
#1230=EDGE_CURVE('',#832,#726,#296,.T.);
#1252=EDGE_CURVE('',#842,#844,#320,.T.);
#1254=EDGE_CURVE('',#842,#736,#300,.T.);
#1257=EDGE_CURVE('',#844,#735,#332,.T.);
#1267=EDGE_CURVE('',#835,#836,#304,.T.);
#1269=EDGE_CURVE('',#836,#838,#308,.T.);
#1271=EDGE_CURVE('',#838,#840,#312,.T.);
#1273=EDGE_CURVE('',#840,#842,#316,.T.);
#1276=EDGE_CURVE('',#844,#835,#324,.T.);
#1287=EDGE_CURVE('',#835,#744,#328,.T.);
#1290=EDGE_CURVE('',#836,#742,#336,.T.);
#1315=EDGE_CURVE('',#838,#740,#340,.T.);
#1328=EDGE_CURVE('',#840,#738,#344,.T.);
#1350=EDGE_CURVE('',#847,#848,#352,.T.);
#1352=EDGE_CURVE('',#847,#748,#348,.T.);
#1355=EDGE_CURVE('',#848,#747,#376,.T.);
#1366=EDGE_CURVE('',#848,#850,#356,.T.);
#1368=EDGE_CURVE('',#850,#852,#360,.T.);
#1370=EDGE_CURVE('',#852,#854,#364,.T.);
#1372=EDGE_CURVE('',#854,#856,#368,.T.);
#1374=EDGE_CURVE('',#856,#847,#372,.T.);
#1387=EDGE_CURVE('',#850,#756,#380,.T.);
#1400=EDGE_CURVE('',#852,#754,#384,.T.);
#1413=EDGE_CURVE('',#854,#752,#388,.T.);
#1426=EDGE_CURVE('',#856,#750,#392,.T.);
#1448=EDGE_CURVE('',#871,#872,#404,.T.);
#1450=EDGE_CURVE('',#871,#759,#396,.T.);
#1453=EDGE_CURVE('',#872,#760,#428,.T.);
#1464=EDGE_CURVE('',#872,#874,#408,.T.);
#1466=EDGE_CURVE('',#874,#876,#412,.T.);
#1468=EDGE_CURVE('',#876,#878,#416,.T.);
#1470=EDGE_CURVE('',#878,#880,#420,.T.);
#1472=EDGE_CURVE('',#880,#871,#424,.T.);
#1485=EDGE_CURVE('',#874,#768,#432,.T.);
#1498=EDGE_CURVE('',#876,#766,#436,.T.);
#1511=EDGE_CURVE('',#878,#764,#444,.T.);
#1524=EDGE_CURVE('',#880,#762,#448,.T.);
#1546=EDGE_CURVE('',#864,#866,#472,.T.);
#1548=EDGE_CURVE('',#864,#771,#452,.T.);
#1551=EDGE_CURVE('',#866,#772,#496,.T.);
#1561=EDGE_CURVE('',#859,#860,#460,.T.);
#1563=EDGE_CURVE('',#860,#862,#464,.T.);
#1565=EDGE_CURVE('',#862,#864,#468,.T.);
#1568=EDGE_CURVE('',#866,#868,#476,.T.);
#1570=EDGE_CURVE('',#868,#859,#480,.T.);
#1581=EDGE_CURVE('',#859,#778,#484,.T.);
#1584=EDGE_CURVE('',#860,#776,#500,.T.);
#1595=EDGE_CURVE('',#868,#780,#492,.T.);
#1622=EDGE_CURVE('',#862,#774,#504,.T.);
#1644=EDGE_CURVE('',#886,#888,#520,.T.);
#1646=EDGE_CURVE('',#886,#784,#508,.T.);
#1649=EDGE_CURVE('',#888,#783,#548,.T.);
#1659=EDGE_CURVE('',#883,#884,#512,.T.);
#1661=EDGE_CURVE('',#884,#886,#516,.T.);
#1664=EDGE_CURVE('',#888,#890,#524,.T.);
#1666=EDGE_CURVE('',#890,#892,#528,.T.);
#1668=EDGE_CURVE('',#892,#883,#532,.T.);
#1679=EDGE_CURVE('',#883,#788,#536,.T.);
#1682=EDGE_CURVE('',#884,#786,#552,.T.);
#1693=EDGE_CURVE('',#892,#790,#540,.T.);
#1706=EDGE_CURVE('',#890,#792,#544,.T.);
#1742=EDGE_CURVE('',#814,#816,#568,.T.);
#1744=EDGE_CURVE('',#814,#796,#556,.T.);
#1747=EDGE_CURVE('',#816,#795,#596,.T.);
#1757=EDGE_CURVE('',#811,#812,#560,.T.);
#1759=EDGE_CURVE('',#812,#814,#564,.T.);
#1762=EDGE_CURVE('',#816,#818,#572,.T.);
#1764=EDGE_CURVE('',#818,#820,#576,.T.);
#1766=EDGE_CURVE('',#820,#811,#580,.T.);
#1777=EDGE_CURVE('',#811,#800,#584,.T.);
#1780=EDGE_CURVE('',#812,#798,#600,.T.);
#1791=EDGE_CURVE('',#820,#802,#588,.T.);
#1804=EDGE_CURVE('',#818,#804,#592,.T.);
#1840=EDGE_CURVE('',#910,#699,#612,.T.);
#1842=EDGE_CURVE('',#910,#899,#604,.T.);
#1844=EDGE_CURVE('',#899,#900,#617,.T.);
#1846=EDGE_CURVE('',#700,#900,#608,.T.);
#1858=EDGE_CURVE('',#900,#899,#622,.T.);
#1881=EDGE_CURVE('',#903,#904,#627,.T.);
#1883=EDGE_CURVE('',#904,#903,#632,.T.);
#1893=EDGE_CURVE('',#895,#896,#641,.T.);
#1895=EDGE_CURVE('',#895,#903,#636,.T.);
#1898=EDGE_CURVE('',#896,#904,#650,.T.);
#1909=EDGE_CURVE('',#896,#895,#646,.T.);
#1913=EDGE_CURVE('',#907,#908,#655,.T.);
#1915=EDGE_CURVE('',#908,#907,#670,.T.);
#1938=EDGE_CURVE('',#706,#908,#680,.T.);
#1940=EDGE_CURVE('',#706,#708,#660,.T.);
#1942=EDGE_CURVE('',#708,#907,#665,.T.);
#1954=EDGE_CURVE('',#708,#706,#675,.T.);
#1966=EDGE_CURVE('',#706,#703,#688,.T.);
#1969=EDGE_CURVE('',#708,#704,#684,.T.);
#1999=AXIS2_PLACEMENT_3D('',#1996,#1997,#1998);
#2000=ADVANCED_BREP_SHAPE_REPRESENTATION('',(#1999,#1987),#1995);
#2007=PRODUCT_DEFINITION('design','',#2006,#2003);
#2008=PRODUCT_DEFINITION_SHAPE('','SHAPE FOR 4812REF_2.',#2007);
#2009=SHAPE_DEFINITION_REPRESENTATION(#2008,#2000);
#2010=SHAPE_DEFINITION_REPRESENTATION(#2011,#2012);
#2011=PRODUCT_DEFINITION_SHAPE('','SHAPE FOR 4812_ASM_2_ASM.',#3044);
#2012=SHAPE_REPRESENTATION('',(#2018,#3024,#3039),#3035);
#2013=NEXT_ASSEMBLY_USAGE_OCCURRENCE('0','Next assembly relationship','4812REF',
#3044,#2007,$);
#2014=PRODUCT_DEFINITION_SHAPE('Placement #0',
'Placement of 4812REF_2 with respect to 4812_ASM_2_ASM',#2013);
#2026=CIRCLE('',#2025,6.5E-1);
#2031=CIRCLE('',#2030,6.5E-1);
#2036=CIRCLE('',#2035,6.5E-1);
#2041=CIRCLE('',#2040,6.5E-1);
#2046=CIRCLE('',#2045,6.5E-1);
#2051=CIRCLE('',#2050,6.5E-1);
#2056=CIRCLE('',#2055,6.5E-1);
#2061=CIRCLE('',#2060,6.5E-1);
#2066=CIRCLE('',#2065,6.5E-1);
#2071=CIRCLE('',#2070,6.5E-1);
#2076=CIRCLE('',#2075,5.75E-1);
#2081=CIRCLE('',#2080,5.75E-1);
#2086=CIRCLE('',#2085,4.75E-1);
#2091=CIRCLE('',#2090,4.75E-1);
#2248=CIRCLE('',#2247,6.5E-1);
#2257=CIRCLE('',#2256,6.5E-1);
#2266=CIRCLE('',#2265,6.5E-1);
#2275=CIRCLE('',#2274,6.5E-1);
#2284=CIRCLE('',#2283,6.5E-1);
#2301=CIRCLE('',#2300,6.5E-1);
#2310=CIRCLE('',#2309,6.5E-1);
#2319=CIRCLE('',#2318,6.5E-1);
#2328=CIRCLE('',#2327,6.5E-1);
#2337=CIRCLE('',#2336,6.5E-1);
#2354=CIRCLE('',#2353,5.75E-1);
#2359=CIRCLE('',#2358,5.75E-1);
#2364=CIRCLE('',#2363,4.75E-1);
#2369=CIRCLE('',#2368,4.75E-1);
#2503=EDGE_CURVE('',#2388,#2389,#2026,.T.);
#2505=EDGE_CURVE('',#2391,#2389,#2243,.T.);
#2507=EDGE_CURVE('',#2393,#2391,#2231,.T.);
#2509=EDGE_CURVE('',#2395,#2393,#2227,.T.);
#2511=EDGE_CURVE('',#2395,#2397,#2031,.T.);
#2513=EDGE_CURVE('',#2399,#2397,#2215,.T.);
#2515=EDGE_CURVE('',#2399,#2401,#2036,.T.);
#2517=EDGE_CURVE('',#2403,#2401,#2203,.T.);
#2519=EDGE_CURVE('',#2403,#2405,#2041,.T.);
#2521=EDGE_CURVE('',#2407,#2405,#2191,.T.);
#2523=EDGE_CURVE('',#2407,#2409,#2046,.T.);
#2525=EDGE_CURVE('',#2411,#2409,#2179,.T.);
#2527=EDGE_CURVE('',#2411,#2413,#2051,.T.);
#2529=EDGE_CURVE('',#2415,#2413,#2167,.T.);
#2531=EDGE_CURVE('',#2417,#2415,#2155,.T.);
#2533=EDGE_CURVE('',#2419,#2417,#2151,.T.);
#2535=EDGE_CURVE('',#2419,#2421,#2056,.T.);
#2537=EDGE_CURVE('',#2423,#2421,#2139,.T.);
#2539=EDGE_CURVE('',#2423,#2425,#2061,.T.);
#2541=EDGE_CURVE('',#2427,#2425,#2127,.T.);
#2543=EDGE_CURVE('',#2427,#2429,#2066,.T.);
#2545=EDGE_CURVE('',#2431,#2429,#2115,.T.);
#2547=EDGE_CURVE('',#2431,#2433,#2071,.T.);
#2549=EDGE_CURVE('',#2388,#2433,#2103,.T.);
#2553=EDGE_CURVE('',#2436,#2437,#2076,.T.);
#2555=EDGE_CURVE('',#2437,#2436,#2081,.T.);
#2559=EDGE_CURVE('',#2440,#2441,#2086,.T.);
#2561=EDGE_CURVE('',#2441,#2440,#2091,.T.);
#2572=EDGE_CURVE('',#2388,#2449,#2095,.T.);
#2574=EDGE_CURVE('',#2448,#2449,#2248,.T.);
#2576=EDGE_CURVE('',#2448,#2389,#2099,.T.);
#2588=EDGE_CURVE('',#2451,#2433,#2111,.T.);
#2590=EDGE_CURVE('',#2449,#2451,#2252,.T.);
#2601=EDGE_CURVE('',#2431,#2453,#2107,.T.);
#2603=EDGE_CURVE('',#2451,#2453,#2257,.T.);
#2616=EDGE_CURVE('',#2455,#2429,#2123,.T.);
#2618=EDGE_CURVE('',#2453,#2455,#2261,.T.);
#2629=EDGE_CURVE('',#2427,#2457,#2119,.T.);
#2631=EDGE_CURVE('',#2455,#2457,#2266,.T.);
#2644=EDGE_CURVE('',#2459,#2425,#2135,.T.);
#2646=EDGE_CURVE('',#2457,#2459,#2270,.T.);
#2657=EDGE_CURVE('',#2423,#2461,#2131,.T.);
#2659=EDGE_CURVE('',#2459,#2461,#2275,.T.);
#2672=EDGE_CURVE('',#2463,#2421,#2147,.T.);
#2674=EDGE_CURVE('',#2461,#2463,#2279,.T.);
#2685=EDGE_CURVE('',#2419,#2465,#2143,.T.);
#2687=EDGE_CURVE('',#2463,#2465,#2284,.T.);
#2700=EDGE_CURVE('',#2467,#2417,#2159,.T.);
#2702=EDGE_CURVE('',#2465,#2467,#2288,.T.);
#2713=EDGE_CURVE('',#2469,#2415,#2163,.T.);
#2715=EDGE_CURVE('',#2467,#2469,#2292,.T.);
#2726=EDGE_CURVE('',#2471,#2413,#2175,.T.);
#2728=EDGE_CURVE('',#2469,#2471,#2296,.T.);
#2741=EDGE_CURVE('',#2411,#2473,#2171,.T.);
#2743=EDGE_CURVE('',#2471,#2473,#2301,.T.);
#2754=EDGE_CURVE('',#2475,#2409,#2187,.T.);
#2756=EDGE_CURVE('',#2473,#2475,#2305,.T.);
#2769=EDGE_CURVE('',#2407,#2477,#2183,.T.);
#2771=EDGE_CURVE('',#2475,#2477,#2310,.T.);
#2782=EDGE_CURVE('',#2479,#2405,#2199,.T.);
#2784=EDGE_CURVE('',#2477,#2479,#2314,.T.);
#2797=EDGE_CURVE('',#2403,#2481,#2195,.T.);
#2799=EDGE_CURVE('',#2479,#2481,#2319,.T.);
#2810=EDGE_CURVE('',#2483,#2401,#2211,.T.);
#2812=EDGE_CURVE('',#2481,#2483,#2323,.T.);
#2825=EDGE_CURVE('',#2399,#2485,#2207,.T.);
#2827=EDGE_CURVE('',#2483,#2485,#2328,.T.);
#2838=EDGE_CURVE('',#2487,#2397,#2223,.T.);
#2840=EDGE_CURVE('',#2485,#2487,#2332,.T.);
#2853=EDGE_CURVE('',#2395,#2489,#2219,.T.);
#2855=EDGE_CURVE('',#2487,#2489,#2337,.T.);
#2868=EDGE_CURVE('',#2491,#2393,#2235,.T.);
#2870=EDGE_CURVE('',#2489,#2491,#2341,.T.);
#2881=EDGE_CURVE('',#2493,#2391,#2239,.T.);
#2883=EDGE_CURVE('',#2491,#2493,#2345,.T.);
#2895=EDGE_CURVE('',#2493,#2448,#2349,.T.);
#2933=EDGE_CURVE('',#2445,#2443,#2354,.T.);
#2935=EDGE_CURVE('',#2443,#2445,#2359,.T.);
#2939=EDGE_CURVE('',#2496,#2497,#2364,.T.);
#2941=EDGE_CURVE('',#2497,#2496,#2369,.T.);
#2952=EDGE_CURVE('',#2436,#2443,#2373,.T.);
#2955=EDGE_CURVE('',#2437,#2445,#2377,.T.);
#2978=EDGE_CURVE('',#2440,#2497,#2381,.T.);
#2981=EDGE_CURVE('',#2441,#2496,#2385,.T.);
#3011=AXIS2_PLACEMENT_3D('',#3008,#3009,#3010);
#3012=ADVANCED_BREP_SHAPE_REPRESENTATION('',(#3011,#2999),#3007);
#3016=PRODUCT_DEFINITION('design','',#3015,#2003);
#3017=PRODUCT_DEFINITION_SHAPE('','SHAPE FOR 4812PCB_2.',#3016);
#3018=SHAPE_DEFINITION_REPRESENTATION(#3017,#3012);
#3019=NEXT_ASSEMBLY_USAGE_OCCURRENCE('1','Next assembly relationship','4812PCB',
#3044,#3016,$);
#3020=PRODUCT_DEFINITION_SHAPE('Placement #1',
'Placement of 4812PCB_2 with respect to 4812_ASM_2_ASM',#3019);
#3039=AXIS2_PLACEMENT_3D('',#3036,#3037,#3038);
#3044=PRODUCT_DEFINITION('design','',#3043,#3040);
ENDSEC;
END-ISO-10303-21;
